[INFO] Scanning for projects...
[INFO] 
[INFO] --------< dk.trustworks.essentials:essentials-performance-lab >---------
[INFO] Building essentials-performance-lab DEV-SNAPSHOT
[INFO]   from pom.xml
[INFO] --------------------------------[ jar ]---------------------------------
[INFO] 
[INFO] --- enforcer:3.6.3:enforce (enforce-maven) @ essentials-performance-lab ---
[INFO] Rule 0: org.apache.maven.enforcer.rules.version.RequireMavenVersion passed
[INFO] Rule 1: org.apache.maven.enforcer.rules.version.RequireJavaVersion passed
[INFO] 
[INFO] --- enforcer:3.6.3:enforce (enforce-dependency-hygiene) @ essentials-performance-lab ---
[INFO] Rule 0: org.apache.maven.enforcer.rules.dependency.RequireUpperBoundDeps passed
[INFO] Rule 1: org.apache.maven.enforcer.rules.BanDuplicatePomDependencyVersions passed
[INFO] Rule 2: org.apache.maven.enforcer.rules.dependency.BanDynamicVersions passed
[INFO] 
[INFO] --- resources:3.5.0:resources (default-resources) @ essentials-performance-lab ---
[INFO] Copying 3 resources from src/main/resources to target/classes
[INFO] Copying 1 resource from ../.. to target/classes/META-INF
[INFO] 
[INFO] --- flatten:1.8.0:flatten (flatten) @ essentials-performance-lab ---
[INFO] Generating flattened POM of project dk.trustworks.essentials:essentials-performance-lab:jar:DEV-SNAPSHOT...
[INFO] 
[INFO] --- compiler:3.15.0:compile (default-compile) @ essentials-performance-lab ---
[INFO] Nothing to compile - all classes are up to date.
[INFO] 
[INFO] --- versions:2.21.0:display-dependency-updates (default) @ essentials-performance-lab ---
[INFO] The following dependencies in Dependencies have newer versions:
[INFO]   dk.trustworks.essentials.components:eventsourced-aggregates ...
[INFO]                                                   DEV-SNAPSHOT -> 0.50.0
[INFO]   dk.trustworks.essentials.components:spring-boot-starter-postgresql-event-store ...
[INFO]                                                   DEV-SNAPSHOT -> 0.50.0
[INFO] 
[INFO] The following dependencies in Dependency Management have newer versions:
[INFO]   ch.qos.logback:logback-classic ....................... 1.5.38 -> 1.6.3
[INFO]   ch.qos.logback:logback-core .......................... 1.5.38 -> 1.6.3
[INFO]   co.elastic.clients:elasticsearch-java ................. 9.2.9 -> 9.5.3
[INFO]   co.elastic.clients:elasticsearch-rest5-client ......... 9.2.9 -> 9.5.3
[INFO]   com.couchbase.client:java-client ..................... 3.9.2 -> 3.12.3
[INFO]   com.fasterxml.jackson.core:jackson-annotations .......... 2.21 -> 2.22
[INFO]   com.fasterxml.jackson.core:jackson-core ............. 2.21.5 -> 2.22.2
[INFO]   com.fasterxml.jackson.core:jackson-databind ......... 2.21.5 -> 2.22.2
[INFO]   com.fasterxml.jackson.dataformat:jackson-dataformat-avro ...
[INFO]                                                         2.21.5 -> 2.22.2
[INFO]   com.fasterxml.jackson.dataformat:jackson-dataformat-cbor ...
[INFO]                                                         2.21.5 -> 2.22.2
[INFO]   com.fasterxml.jackson.dataformat:jackson-dataformat-csv ...
[INFO]                                                         2.21.5 -> 2.22.2
[INFO]   com.fasterxml.jackson.dataformat:jackson-dataformat-ion ...
[INFO]                                                         2.21.5 -> 2.22.2
[INFO]   com.fasterxml.jackson.dataformat:jackson-dataformat-properties ...
[INFO]                                                         2.21.5 -> 2.22.2
[INFO]   com.fasterxml.jackson.dataformat:jackson-dataformat-protobuf ...
[INFO]                                                         2.21.5 -> 2.22.2
[INFO]   com.fasterxml.jackson.dataformat:jackson-dataformat-smile ...
[INFO]                                                         2.21.5 -> 2.22.2
[INFO]   com.fasterxml.jackson.dataformat:jackson-dataformat-toml ...
[INFO]                                                         2.21.5 -> 2.22.2
[INFO]   com.fasterxml.jackson.dataformat:jackson-dataformat-xml ...
[INFO]                                                         2.21.5 -> 2.22.2
[INFO]   com.fasterxml.jackson.dataformat:jackson-dataformat-yaml ...
[INFO]                                                         2.21.5 -> 2.22.2
[INFO]   com.fasterxml.jackson.datatype:jackson-datatype-eclipse-collections ...
[INFO]                                                         2.21.5 -> 2.22.2
[INFO]   com.fasterxml.jackson.datatype:jackson-datatype-guava ...
[INFO]                                                         2.21.5 -> 2.22.2
[INFO]   com.fasterxml.jackson.datatype:jackson-datatype-hibernate4 ...
[INFO]                                                         2.21.5 -> 2.22.2
[INFO]   com.fasterxml.jackson.datatype:jackson-datatype-hibernate5 ...
[INFO]                                                         2.21.5 -> 2.22.2
[INFO]   com.fasterxml.jackson.datatype:jackson-datatype-hibernate5-jakarta ...
[INFO]                                                         2.21.5 -> 2.22.2
[INFO]   com.fasterxml.jackson.datatype:jackson-datatype-hibernate6 ...
[INFO]                                                         2.21.5 -> 2.22.2
[INFO]   com.fasterxml.jackson.datatype:jackson-datatype-hibernate7 ...
[INFO]                                                         2.21.5 -> 2.22.2
[INFO]   com.fasterxml.jackson.datatype:jackson-datatype-hppc ...
[INFO]                                                         2.21.5 -> 2.22.2
[INFO]   com.fasterxml.jackson.datatype:jackson-datatype-jakarta-jsonp ...
[INFO]                                                         2.21.5 -> 2.22.2
[INFO]   com.fasterxml.jackson.datatype:jackson-datatype-javax-money ...
[INFO]                                                         2.21.5 -> 2.22.2
[INFO]   com.fasterxml.jackson.datatype:jackson-datatype-jaxrs ...
[INFO]                                                         2.21.5 -> 2.22.2
[INFO]   com.fasterxml.jackson.datatype:jackson-datatype-jdk8 ...
[INFO]                                                         2.21.5 -> 2.22.2
[INFO]   com.fasterxml.jackson.datatype:jackson-datatype-joda ...
[INFO]                                                         2.21.5 -> 2.22.2
[INFO]   com.fasterxml.jackson.datatype:jackson-datatype-joda-money ...
[INFO]                                                         2.21.5 -> 2.22.2
[INFO]   com.fasterxml.jackson.datatype:jackson-datatype-json-org ...
[INFO]                                                         2.21.5 -> 2.22.2
[INFO]   com.fasterxml.jackson.datatype:jackson-datatype-jsr310 ...
[INFO]                                                         2.21.5 -> 2.22.2
[INFO]   com.fasterxml.jackson.datatype:jackson-datatype-jsr353 ...
[INFO]                                                         2.21.5 -> 2.22.2
[INFO]   com.fasterxml.jackson.datatype:jackson-datatype-moneta ...
[INFO]                                                         2.21.5 -> 2.22.2
[INFO]   com.fasterxml.jackson.datatype:jackson-datatype-pcollections ...
[INFO]                                                         2.21.5 -> 2.22.2
[INFO]   com.fasterxml.jackson.jakarta.rs:jackson-jakarta-rs-base ...
[INFO]                                                         2.21.5 -> 2.22.2
[INFO]   com.fasterxml.jackson.jakarta.rs:jackson-jakarta-rs-cbor-provider ...
[INFO]                                                         2.21.5 -> 2.22.2
[INFO]   com.fasterxml.jackson.jakarta.rs:jackson-jakarta-rs-json-provider ...
[INFO]                                                         2.21.5 -> 2.22.2
[INFO]   com.fasterxml.jackson.jakarta.rs:jackson-jakarta-rs-smile-provider ...
[INFO]                                                         2.21.5 -> 2.22.2
[INFO]   com.fasterxml.jackson.jakarta.rs:jackson-jakarta-rs-xml-provider ...
[INFO]                                                         2.21.5 -> 2.22.2
[INFO]   com.fasterxml.jackson.jakarta.rs:jackson-jakarta-rs-yaml-provider ...
[INFO]                                                         2.21.5 -> 2.22.2
[INFO]   com.fasterxml.jackson.jaxrs:jackson-jaxrs-base ...... 2.21.5 -> 2.22.2
[INFO]   com.fasterxml.jackson.jaxrs:jackson-jaxrs-cbor-provider ...
[INFO]                                                         2.21.5 -> 2.22.2
[INFO]   com.fasterxml.jackson.jaxrs:jackson-jaxrs-json-provider ...
[INFO]                                                         2.21.5 -> 2.22.2
[INFO]   com.fasterxml.jackson.jaxrs:jackson-jaxrs-smile-provider ...
[INFO]                                                         2.21.5 -> 2.22.2
[INFO]   com.fasterxml.jackson.jaxrs:jackson-jaxrs-xml-provider ...
[INFO]                                                         2.21.5 -> 2.22.2
[INFO]   com.fasterxml.jackson.jaxrs:jackson-jaxrs-yaml-provider ...
[INFO]                                                         2.21.5 -> 2.22.2
[INFO]   com.fasterxml.jackson.jr:jackson-jr-all ............. 2.21.5 -> 2.22.2
[INFO]   com.fasterxml.jackson.jr:jackson-jr-annotation-support ...
[INFO]                                                         2.21.5 -> 2.22.2
[INFO]   com.fasterxml.jackson.jr:jackson-jr-extension-javatime ...
[INFO]                                                         2.21.5 -> 2.22.2
[INFO]   com.fasterxml.jackson.jr:jackson-jr-objects ......... 2.21.5 -> 2.22.2
[INFO]   com.fasterxml.jackson.jr:jackson-jr-retrofit2 ....... 2.21.5 -> 2.22.2
[INFO]   com.fasterxml.jackson.jr:jackson-jr-stree ........... 2.21.5 -> 2.22.2
[INFO]   com.fasterxml.jackson.module:jackson-module-afterburner ...
[INFO]                                                         2.21.5 -> 2.22.2
[INFO]   com.fasterxml.jackson.module:jackson-module-android-record ...
[INFO]                                                         2.21.5 -> 2.22.2
[INFO]   com.fasterxml.jackson.module:jackson-module-blackbird ...
[INFO]                                                         2.21.5 -> 2.22.2
[INFO]   com.fasterxml.jackson.module:jackson-module-guice ... 2.21.5 -> 2.22.2
[INFO]   com.fasterxml.jackson.module:jackson-module-guice7 ...
[INFO]                                                         2.21.5 -> 2.22.2
[INFO]   com.fasterxml.jackson.module:jackson-module-jakarta-xmlbind-annotations ...
[INFO]                                                         2.21.5 -> 2.22.2
[INFO]   com.fasterxml.jackson.module:jackson-module-jaxb-annotations ...
[INFO]                                                         2.21.5 -> 2.22.2
[INFO]   com.fasterxml.jackson.module:jackson-module-jsonSchema ...
[INFO]                                                         2.21.5 -> 2.22.2
[INFO]   com.fasterxml.jackson.module:jackson-module-jsonSchema-jakarta ...
[INFO]                                                         2.21.5 -> 2.22.2
[INFO]   com.fasterxml.jackson.module:jackson-module-kotlin ...
[INFO]                                                         2.21.5 -> 2.22.2
[INFO]   com.fasterxml.jackson.module:jackson-module-mrbean ...
[INFO]                                                         2.21.5 -> 2.22.2
[INFO]   com.fasterxml.jackson.module:jackson-module-no-ctor-deser ...
[INFO]                                                         2.21.5 -> 2.22.2
[INFO]   com.fasterxml.jackson.module:jackson-module-osgi .... 2.21.5 -> 2.22.2
[INFO]   com.fasterxml.jackson.module:jackson-module-parameter-names ...
[INFO]                                                         2.21.5 -> 2.22.2
[INFO]   com.fasterxml.jackson.module:jackson-module-paranamer ...
[INFO]                                                         2.21.5 -> 2.22.2
[INFO]   com.fasterxml.jackson.module:jackson-module-scala_2.11 ...
[INFO]                                                         2.21.5 -> 2.22.2
[INFO]   com.fasterxml.jackson.module:jackson-module-scala_2.12 ...
[INFO]                                                         2.21.5 -> 2.22.2
[INFO]   com.fasterxml.jackson.module:jackson-module-scala_2.13 ...
[INFO]                                                         2.21.5 -> 2.22.2
[INFO]   com.fasterxml.jackson.module:jackson-module-scala_3 ...
[INFO]                                                         2.21.5 -> 2.22.2
[INFO]   com.google.code.gson:gson ........................... 2.13.2 -> 2.14.0
[INFO]   com.graphql-java:graphql-java ............ 25.0 -> 230521-nf-execution
[INFO]   com.h2database:h2 ................................. 2.4.240 -> 2.5.250
[INFO]   com.hazelcast:hazelcast ............................... 5.5.0 -> 5.7.0
[INFO]   com.hazelcast:hazelcast-spring ........................ 5.5.0 -> 5.7.0
[INFO]   com.jayway.jsonpath:json-path ........................ 2.10.0 -> 3.0.0
[INFO]   com.jayway.jsonpath:json-path-assert ................. 2.10.0 -> 3.0.0
[INFO]   com.microsoft.sqlserver:mssql-jdbc ...... 13.2.1.jre11 -> 13.6.0.jre11
[INFO]   com.mysql:mysql-connector-j .......................... 9.7.0 -> 26.7.0
[INFO]   com.oracle.database.ha:ons ............... 23.9.0.25.07 -> 23.26.3.0.0
[INFO]   com.oracle.database.ha:simplefan ......... 23.9.0.25.07 -> 23.26.3.0.0
[INFO]   com.oracle.database.jdbc:ojdbc11 ......... 23.9.0.25.07 -> 23.26.3.0.0
[INFO]   com.oracle.database.jdbc:ojdbc11-production ...
[INFO]                                              23.9.0.25.07 -> 23.26.3.0.0
[INFO]   com.oracle.database.jdbc:ojdbc17 ......... 23.9.0.25.07 -> 23.26.3.0.0
[INFO]   com.oracle.database.jdbc:ojdbc17-production ...
[INFO]                                              23.9.0.25.07 -> 23.26.3.0.0
[INFO]   com.oracle.database.jdbc:ojdbc8 .......... 23.9.0.25.07 -> 23.26.3.0.0
[INFO]   com.oracle.database.jdbc:ojdbc8-production ...
[INFO]                                              23.9.0.25.07 -> 23.26.3.0.0
[INFO]   com.oracle.database.jdbc:rsi ............. 23.9.0.25.07 -> 23.26.3.0.0
[INFO]   com.oracle.database.jdbc:ucp ............. 23.9.0.25.07 -> 23.26.3.0.0
[INFO]   com.oracle.database.jdbc:ucp11 ........... 23.9.0.25.07 -> 23.26.3.0.0
[INFO]   com.oracle.database.jdbc:ucp17 ........... 23.9.0.25.07 -> 23.26.3.0.0
[INFO]   com.oracle.database.nls:orai18n .......... 23.9.0.25.07 -> 23.26.3.0.0
[INFO]   com.oracle.database.security:oraclepki ... 23.9.0.25.07 -> 23.26.3.0.0
[INFO]   com.oracle.database.xml:xdb .............. 23.9.0.25.07 -> 23.26.3.0.0
[INFO]   com.oracle.database.xml:xmlparserv2 ...... 23.9.0.25.07 -> 23.26.3.0.0
[INFO]   com.rabbitmq:amqp-client ............................ 5.27.1 -> 5.35.0
[INFO]   com.rabbitmq:stream-client .......................... 0.23.0 -> 1.11.0
[INFO]   com.sendgrid:sendgrid-java ...................... 4.10.3 -> 5.0.0-rc.1
[INFO]   com.zaxxer:HikariCP ................................... 7.0.2 -> 7.1.0
[INFO]   commons-codec:commons-codec ......................... 1.19.0 -> 1.22.1
[INFO]   commons-logging:commons-logging ....................... 1.3.6 -> 1.4.0
[INFO]   io.lettuce:lettuce-core ............... 6.8.2.RELEASE -> 7.7.0.RELEASE
[INFO]   io.micrometer:micrometer-commons .................... 1.16.7 -> 1.17.1
[INFO]   io.micrometer:micrometer-core ....................... 1.16.7 -> 1.17.1
[INFO]   io.micrometer:micrometer-jakarta9 ................... 1.16.7 -> 1.17.1
[INFO]   io.micrometer:micrometer-java11 ..................... 1.16.7 -> 1.17.1
[INFO]   io.micrometer:micrometer-java21 ..................... 1.16.7 -> 1.17.1
[INFO]   io.micrometer:micrometer-jetty11 .................... 1.16.7 -> 1.17.1
[INFO]   io.micrometer:micrometer-jetty12 .................... 1.16.7 -> 1.17.1
[INFO]   io.micrometer:micrometer-observation ................ 1.16.7 -> 1.17.1
[INFO]   io.micrometer:micrometer-observation-test ........... 1.16.7 -> 1.17.1
[INFO]   io.micrometer:micrometer-registry-appoptics ......... 1.16.7 -> 1.17.1
[INFO]   io.micrometer:micrometer-registry-atlas ............. 1.16.7 -> 1.17.1
[INFO]   io.micrometer:micrometer-registry-azure-monitor ..... 1.16.7 -> 1.17.1
[INFO]   io.micrometer:micrometer-registry-cloudwatch2 ....... 1.16.7 -> 1.17.1
[INFO]   io.micrometer:micrometer-registry-datadog ........... 1.16.7 -> 1.17.1
[INFO]   io.micrometer:micrometer-registry-dynatrace ......... 1.16.7 -> 1.17.1
[INFO]   io.micrometer:micrometer-registry-elastic ........... 1.16.7 -> 1.17.1
[INFO]   io.micrometer:micrometer-registry-ganglia ........... 1.16.7 -> 1.17.1
[INFO]   io.micrometer:micrometer-registry-graphite .......... 1.16.7 -> 1.17.1
[INFO]   io.micrometer:micrometer-registry-health ............ 1.16.7 -> 1.17.1
[INFO]   io.micrometer:micrometer-registry-humio ............. 1.16.7 -> 1.17.1
[INFO]   io.micrometer:micrometer-registry-influx ............ 1.16.7 -> 1.17.1
[INFO]   io.micrometer:micrometer-registry-jmx ............... 1.16.7 -> 1.17.1
[INFO]   io.micrometer:micrometer-registry-kairos ............ 1.16.7 -> 1.17.1
[INFO]   io.micrometer:micrometer-registry-new-relic ......... 1.16.7 -> 1.17.1
[INFO]   io.micrometer:micrometer-registry-opentsdb .......... 1.16.7 -> 1.17.1
[INFO]   io.micrometer:micrometer-registry-otlp .............. 1.16.7 -> 1.17.1
[INFO]   io.micrometer:micrometer-registry-prometheus ........ 1.16.7 -> 1.17.1
[INFO]   io.micrometer:micrometer-registry-prometheus-simpleclient ...
[INFO]                                                         1.16.7 -> 1.17.1
[INFO]   io.micrometer:micrometer-registry-signalfx .......... 1.16.7 -> 1.17.1
[INFO]   io.micrometer:micrometer-registry-stackdriver ....... 1.16.7 -> 1.17.1
[INFO]   io.micrometer:micrometer-registry-statsd ............ 1.16.7 -> 1.17.1
[INFO]   io.micrometer:micrometer-registry-wavefront ......... 1.16.7 -> 1.17.1
[INFO]   io.micrometer:micrometer-test ....................... 1.16.7 -> 1.17.1
[INFO]   io.micrometer:micrometer-tracing ...................... 1.6.7 -> 1.7.1
[INFO]   io.micrometer:micrometer-tracing-bridge-brave ......... 1.6.7 -> 1.7.1
[INFO]   io.micrometer:micrometer-tracing-bridge-otel .......... 1.6.7 -> 1.7.1
[INFO]   io.micrometer:micrometer-tracing-integration-test ..... 1.6.7 -> 1.7.1
[INFO]   io.micrometer:micrometer-tracing-reporter-wavefront ... 1.6.7 -> 1.7.1
[INFO]   io.micrometer:micrometer-tracing-test ................. 1.6.7 -> 1.7.1
[INFO]   io.netty:netty-all ...................... 4.2.17.Final -> 4.2.18.Final
[INFO]   io.netty:netty-buffer ................... 4.2.17.Final -> 4.2.18.Final
[INFO]   io.netty:netty-codec .................... 4.2.17.Final -> 4.2.18.Final
[INFO]   io.netty:netty-codec-base ............... 4.2.17.Final -> 4.2.18.Final
[INFO]   io.netty:netty-codec-classes-quic ....... 4.2.17.Final -> 4.2.18.Final
[INFO]   io.netty:netty-codec-compression ........ 4.2.17.Final -> 4.2.18.Final
[INFO]   io.netty:netty-codec-dns ................ 4.2.17.Final -> 4.2.18.Final
[INFO]   io.netty:netty-codec-haproxy ............ 4.2.17.Final -> 4.2.18.Final
[INFO]   io.netty:netty-codec-http ............... 4.2.17.Final -> 4.2.18.Final
[INFO]   io.netty:netty-codec-http2 .............. 4.2.17.Final -> 4.2.18.Final
[INFO]   io.netty:netty-codec-http3 .............. 4.2.17.Final -> 4.2.18.Final
[INFO]   io.netty:netty-codec-marshalling ........ 4.2.17.Final -> 4.2.18.Final
[INFO]   io.netty:netty-codec-memcache ........... 4.2.17.Final -> 4.2.18.Final
[INFO]   io.netty:netty-codec-mqtt ............... 4.2.17.Final -> 4.2.18.Final
[INFO]   io.netty:netty-codec-native-quic ........ 4.2.17.Final -> 4.2.18.Final
[INFO]   io.netty:netty-codec-native-quic ........ 4.2.17.Final -> 4.2.18.Final
[INFO]   io.netty:netty-codec-native-quic ........ 4.2.17.Final -> 4.2.18.Final
[INFO]   io.netty:netty-codec-native-quic ........ 4.2.17.Final -> 4.2.18.Final
[INFO]   io.netty:netty-codec-native-quic ........ 4.2.17.Final -> 4.2.18.Final
[INFO]   io.netty:netty-codec-native-quic ........ 4.2.17.Final -> 4.2.18.Final
[INFO]   io.netty:netty-codec-protobuf ........... 4.2.17.Final -> 4.2.18.Final
[INFO]   io.netty:netty-codec-redis .............. 4.2.17.Final -> 4.2.18.Final
[INFO]   io.netty:netty-codec-smtp ............... 4.2.17.Final -> 4.2.18.Final
[INFO]   io.netty:netty-codec-socks .............. 4.2.17.Final -> 4.2.18.Final
[INFO]   io.netty:netty-codec-stomp .............. 4.2.17.Final -> 4.2.18.Final
[INFO]   io.netty:netty-codec-xml ................ 4.2.17.Final -> 4.2.18.Final
[INFO]   io.netty:netty-common ................... 4.2.17.Final -> 4.2.18.Final
[INFO]   io.netty:netty-dev-tools ................ 4.2.17.Final -> 4.2.18.Final
[INFO]   io.netty:netty-handler .................. 4.2.17.Final -> 4.2.18.Final
[INFO]   io.netty:netty-handler-proxy ............ 4.2.17.Final -> 4.2.18.Final
[INFO]   io.netty:netty-handler-ssl-ocsp ......... 4.2.17.Final -> 4.2.18.Final
[INFO]   io.netty:netty-pkitesting ............... 4.2.17.Final -> 4.2.18.Final
[INFO]   io.netty:netty-resolver ................. 4.2.17.Final -> 4.2.18.Final
[INFO]   io.netty:netty-resolver-dns ............. 4.2.17.Final -> 4.2.18.Final
[INFO]   io.netty:netty-resolver-dns-classes-macos ...
[INFO]                                             4.2.17.Final -> 4.2.18.Final
[INFO]   io.netty:netty-resolver-dns-native-macos ...
[INFO]                                             4.2.17.Final -> 4.2.18.Final
[INFO]   io.netty:netty-resolver-dns-native-macos ...
[INFO]                                             4.2.17.Final -> 4.2.18.Final
[INFO]   io.netty:netty-resolver-dns-native-macos ...
[INFO]                                             4.2.17.Final -> 4.2.18.Final
[INFO]   io.netty:netty-tcnative ................. 2.0.81.Final -> 2.0.84.Final
[INFO]   io.netty:netty-tcnative ................. 2.0.81.Final -> 2.0.84.Final
[INFO]   io.netty:netty-tcnative ................. 2.0.81.Final -> 2.0.84.Final
[INFO]   io.netty:netty-tcnative ................. 2.0.81.Final -> 2.0.84.Final
[INFO]   io.netty:netty-tcnative-boringssl-static ...
[INFO]                                             2.0.81.Final -> 2.0.84.Final
[INFO]   io.netty:netty-tcnative-boringssl-static ...
[INFO]                                             2.0.81.Final -> 2.0.84.Final
[INFO]   io.netty:netty-tcnative-boringssl-static ...
[INFO]                                             2.0.81.Final -> 2.0.84.Final
[INFO]   io.netty:netty-tcnative-boringssl-static ...
[INFO]                                             2.0.81.Final -> 2.0.84.Final
[INFO]   io.netty:netty-tcnative-boringssl-static ...
[INFO]                                             2.0.81.Final -> 2.0.84.Final
[INFO]   io.netty:netty-tcnative-boringssl-static ...
[INFO]                                             2.0.81.Final -> 2.0.84.Final
[INFO]   io.netty:netty-tcnative-classes ......... 2.0.81.Final -> 2.0.84.Final
[INFO]   io.netty:netty-transport ................ 4.2.17.Final -> 4.2.18.Final
[INFO]   io.netty:netty-transport-classes-epoll ...
[INFO]                                             4.2.17.Final -> 4.2.18.Final
[INFO]   io.netty:netty-transport-classes-io_uring ...
[INFO]                                             4.2.17.Final -> 4.2.18.Final
[INFO]   io.netty:netty-transport-classes-kqueue ...
[INFO]                                             4.2.17.Final -> 4.2.18.Final
[INFO]   io.netty:netty-transport-native-epoll ... 4.2.17.Final -> 4.2.18.Final
[INFO]   io.netty:netty-transport-native-epoll ... 4.2.17.Final -> 4.2.18.Final
[INFO]   io.netty:netty-transport-native-epoll ... 4.2.17.Final -> 4.2.18.Final
[INFO]   io.netty:netty-transport-native-epoll ... 4.2.17.Final -> 4.2.18.Final
[INFO]   io.netty:netty-transport-native-io_uring ...
[INFO]                                             4.2.17.Final -> 4.2.18.Final
[INFO]   io.netty:netty-transport-native-io_uring ...
[INFO]                                             4.2.17.Final -> 4.2.18.Final
[INFO]   io.netty:netty-transport-native-io_uring ...
[INFO]                                             4.2.17.Final -> 4.2.18.Final
[INFO]   io.netty:netty-transport-native-io_uring ...
[INFO]                                             4.2.17.Final -> 4.2.18.Final
[INFO]   io.netty:netty-transport-native-kqueue ...
[INFO]                                             4.2.17.Final -> 4.2.18.Final
[INFO]   io.netty:netty-transport-native-kqueue ...
[INFO]                                             4.2.17.Final -> 4.2.18.Final
[INFO]   io.netty:netty-transport-native-kqueue ...
[INFO]                                             4.2.17.Final -> 4.2.18.Final
[INFO]   io.netty:netty-transport-native-unix-common ...
[INFO]                                             4.2.17.Final -> 4.2.18.Final
[INFO]   io.netty:netty-transport-native-unix-common ...
[INFO]                                             4.2.17.Final -> 4.2.18.Final
[INFO]   io.netty:netty-transport-native-unix-common ...
[INFO]                                             4.2.17.Final -> 4.2.18.Final
[INFO]   io.netty:netty-transport-native-unix-common ...
[INFO]                                             4.2.17.Final -> 4.2.18.Final
[INFO]   io.netty:netty-transport-native-unix-common ...
[INFO]                                             4.2.17.Final -> 4.2.18.Final
[INFO]   io.netty:netty-transport-native-unix-common ...
[INFO]                                             4.2.17.Final -> 4.2.18.Final
[INFO]   io.netty:netty-transport-rxtx ........... 4.2.17.Final -> 4.2.18.Final
[INFO]   io.netty:netty-transport-sctp ........... 4.2.17.Final -> 4.2.18.Final
[INFO]   io.netty:netty-transport-udt ............ 4.2.17.Final -> 4.2.18.Final
[INFO]   io.opentelemetry:opentelemetry-api .................. 1.55.0 -> 1.66.0
[INFO]   io.opentelemetry:opentelemetry-common ............... 1.55.0 -> 1.66.0
[INFO]   io.opentelemetry:opentelemetry-context .............. 1.55.0 -> 1.66.0
[INFO]   io.opentelemetry:opentelemetry-exporter-common ...... 1.55.0 -> 1.66.0
[INFO]   io.opentelemetry:opentelemetry-exporter-logging ..... 1.55.0 -> 1.66.0
[INFO]   io.opentelemetry:opentelemetry-exporter-logging-otlp ...
[INFO]                                                         1.55.0 -> 1.66.0
[INFO]   io.opentelemetry:opentelemetry-exporter-otlp ........ 1.55.0 -> 1.66.0
[INFO]   io.opentelemetry:opentelemetry-exporter-otlp-common ...
[INFO]                                                         1.55.0 -> 1.66.0
[INFO]   io.opentelemetry:opentelemetry-exporter-sender-grpc-managed-channel ...
[INFO]                                                         1.55.0 -> 1.66.0
[INFO]   io.opentelemetry:opentelemetry-exporter-sender-jdk ...
[INFO]                                                         1.55.0 -> 1.66.0
[INFO]   io.opentelemetry:opentelemetry-exporter-sender-okhttp ...
[INFO]                                                         1.55.0 -> 1.66.0
[INFO]   io.opentelemetry:opentelemetry-exporter-zipkin ...... 1.55.0 -> 1.64.0
[INFO]   io.opentelemetry:opentelemetry-extension-kotlin ..... 1.55.0 -> 1.66.0
[INFO]   io.opentelemetry:opentelemetry-extension-trace-propagators ...
[INFO]                                                         1.55.0 -> 1.66.0
[INFO]   io.opentelemetry:opentelemetry-opentracing-shim ..... 1.55.0 -> 1.66.0
[INFO]   io.opentelemetry:opentelemetry-sdk .................. 1.55.0 -> 1.66.0
[INFO]   io.opentelemetry:opentelemetry-sdk-common ........... 1.55.0 -> 1.66.0
[INFO]   io.opentelemetry:opentelemetry-sdk-extension-autoconfigure ...
[INFO]                                                         1.55.0 -> 1.66.0
[INFO]   io.opentelemetry:opentelemetry-sdk-extension-autoconfigure-spi ...
[INFO]                                                         1.55.0 -> 1.66.0
[INFO]   io.opentelemetry:opentelemetry-sdk-extension-jaeger-remote-sampler ...
[INFO]                                                         1.55.0 -> 1.66.0
[INFO]   io.opentelemetry:opentelemetry-sdk-logs ............. 1.55.0 -> 1.66.0
[INFO]   io.opentelemetry:opentelemetry-sdk-metrics .......... 1.55.0 -> 1.66.0
[INFO]   io.opentelemetry:opentelemetry-sdk-testing .......... 1.55.0 -> 1.66.0
[INFO]   io.opentelemetry:opentelemetry-sdk-trace ............ 1.55.0 -> 1.66.0
[INFO]   io.prometheus:prometheus-metrics-config ............... 1.4.3 -> 1.8.0
[INFO]   io.prometheus:prometheus-metrics-core ................. 1.4.3 -> 1.8.0
[INFO]   io.prometheus:prometheus-metrics-exporter-common ...... 1.4.3 -> 1.8.0
[INFO]   io.prometheus:prometheus-metrics-exporter-httpserver ...
[INFO]                                                           1.4.3 -> 1.8.0
[INFO]   io.prometheus:prometheus-metrics-exporter-opentelemetry ...
[INFO]                                                           1.4.3 -> 1.8.0
[INFO]   io.prometheus:prometheus-metrics-exporter-opentelemetry-no-otel ...
[INFO]                                                           1.4.3 -> 1.8.0
[INFO]   io.prometheus:prometheus-metrics-exporter-opentelemetry-otel-agent-resources ...
[INFO]                                                           1.4.3 -> 1.8.0
[INFO]   io.prometheus:prometheus-metrics-exporter-pushgateway ...
[INFO]                                                           1.4.3 -> 1.8.0
[INFO]   io.prometheus:prometheus-metrics-exporter-servlet-jakarta ...
[INFO]                                                           1.4.3 -> 1.8.0
[INFO]   io.prometheus:prometheus-metrics-exporter-servlet-javax ...
[INFO]                                                           1.4.3 -> 1.8.0
[INFO]   io.prometheus:prometheus-metrics-exposition-formats ... 1.4.3 -> 1.8.0
[INFO]   io.prometheus:prometheus-metrics-exposition-formats-no-protobuf ...
[INFO]                                                           1.4.3 -> 1.8.0
[INFO]   io.prometheus:prometheus-metrics-exposition-textformats ...
[INFO]                                                           1.4.3 -> 1.8.0
[INFO]   io.prometheus:prometheus-metrics-instrumentation-caffeine ...
[INFO]                                                           1.4.3 -> 1.8.0
[INFO]   io.prometheus:prometheus-metrics-instrumentation-dropwizard ...
[INFO]                                                           1.4.3 -> 1.8.0
[INFO]   io.prometheus:prometheus-metrics-instrumentation-dropwizard5 ...
[INFO]                                                           1.4.3 -> 1.8.0
[INFO]   io.prometheus:prometheus-metrics-instrumentation-guava ...
[INFO]                                                           1.4.3 -> 1.8.0
[INFO]   io.prometheus:prometheus-metrics-instrumentation-jvm ...
[INFO]                                                           1.4.3 -> 1.8.0
[INFO]   io.prometheus:prometheus-metrics-model ................ 1.4.3 -> 1.8.0
[INFO]   io.prometheus:prometheus-metrics-simpleclient-bridge ...
[INFO]                                                           1.4.3 -> 1.8.0
[INFO]   io.prometheus:prometheus-metrics-tracer ............... 1.4.3 -> 1.8.0
[INFO]   io.prometheus:prometheus-metrics-tracer-common ........ 1.4.3 -> 1.8.0
[INFO]   io.prometheus:prometheus-metrics-tracer-initializer ... 1.4.3 -> 1.8.0
[INFO]   io.prometheus:prometheus-metrics-tracer-otel .......... 1.4.3 -> 1.8.0
[INFO]   io.prometheus:prometheus-metrics-tracer-otel-agent .... 1.4.3 -> 1.8.0
[INFO]   io.r2dbc:r2dbc-mssql .................. 1.0.5.RELEASE -> 1.0.6.RELEASE
[INFO]   jakarta.inject:jakarta.inject-api .................. 2.0.1 -> 2.0.1.MR
[INFO]   jakarta.json.bind:jakarta.json.bind-api ............... 3.0.2 -> 3.0.3
[INFO]   net.bytebuddy:byte-buddy .......................... 1.18.12 -> 1.18.13
[INFO]   net.bytebuddy:byte-buddy-agent .................... 1.18.12 -> 1.18.13
[INFO]   nz.net.ultraq.thymeleaf:thymeleaf-layout-dialect ...... 3.4.0 -> 4.0.1
[INFO]   org.apache.activemq:activemq-all ...................... 6.1.8 -> 6.3.2
[INFO]   org.apache.activemq:activemq-amqp ..................... 6.1.8 -> 6.3.2
[INFO]   org.apache.activemq:activemq-blueprint ................ 6.1.8 -> 6.3.2
[INFO]   org.apache.activemq:activemq-broker ................... 6.1.8 -> 6.3.2
[INFO]   org.apache.activemq:activemq-client ................... 6.1.8 -> 6.3.2
[INFO]   org.apache.activemq:activemq-console .................. 6.1.8 -> 6.3.2
[INFO]   org.apache.activemq:activemq-http ..................... 6.1.8 -> 6.3.2
[INFO]   org.apache.activemq:activemq-jaas ..................... 6.1.8 -> 6.3.2
[INFO]   org.apache.activemq:activemq-jdbc-store ............... 6.1.8 -> 6.3.2
[INFO]   org.apache.activemq:activemq-jms-pool ................. 6.1.8 -> 6.3.2
[INFO]   org.apache.activemq:activemq-kahadb-store ............. 6.1.8 -> 6.3.2
[INFO]   org.apache.activemq:activemq-karaf .................... 6.1.8 -> 6.3.2
[INFO]   org.apache.activemq:activemq-log4j-appender ........... 6.1.8 -> 6.3.2
[INFO]   org.apache.activemq:activemq-mqtt ..................... 6.1.8 -> 6.3.2
[INFO]   org.apache.activemq:activemq-openwire-generator ....... 6.1.8 -> 6.3.2
[INFO]   org.apache.activemq:activemq-openwire-legacy .......... 6.1.8 -> 6.3.2
[INFO]   org.apache.activemq:activemq-osgi ..................... 6.1.8 -> 6.3.2
[INFO]   org.apache.activemq:activemq-pool ..................... 6.1.8 -> 6.3.2
[INFO]   org.apache.activemq:activemq-ra ....................... 6.1.8 -> 6.3.2
[INFO]   org.apache.activemq:activemq-rar ...................... 6.1.8 -> 6.3.2
[INFO]   org.apache.activemq:activemq-run ...................... 6.1.8 -> 6.3.2
[INFO]   org.apache.activemq:activemq-runtime-config ........... 6.1.8 -> 6.3.2
[INFO]   org.apache.activemq:activemq-shiro .................... 6.1.8 -> 6.3.2
[INFO]   org.apache.activemq:activemq-spring ................... 6.1.8 -> 6.3.2
[INFO]   org.apache.activemq:activemq-stomp .................... 6.1.8 -> 6.3.2
[INFO]   org.apache.activemq:activemq-web ...................... 6.1.8 -> 6.3.2
[INFO]   org.apache.activemq:activemq-web-console .............. 6.1.8 -> 6.3.2
[INFO]   org.apache.activemq:activemq-web-demo ................. 6.1.8 -> 6.3.2
[INFO]   org.apache.activemq:artemis-amqp-protocol ........... 2.43.0 -> 2.57.0
[INFO]   org.apache.activemq:artemis-boot .................... 2.43.0 -> 2.57.0
[INFO]   org.apache.activemq:artemis-cdi-client .............. 2.43.0 -> 2.57.0
[INFO]   org.apache.activemq:artemis-cli ..................... 2.43.0 -> 2.57.0
[INFO]   org.apache.activemq:artemis-commons ................. 2.43.0 -> 2.57.0
[INFO]   org.apache.activemq:artemis-console ................. 2.43.0 -> 2.57.0
[INFO]   org.apache.activemq:artemis-core-client ............. 2.43.0 -> 2.57.0
[INFO]   org.apache.activemq:artemis-core-client-all ......... 2.43.0 -> 2.57.0
[INFO]   org.apache.activemq:artemis-core-client-osgi ........ 2.43.0 -> 2.57.0
[INFO]   org.apache.activemq:artemis-dto ..................... 2.43.0 -> 2.57.0
[INFO]   org.apache.activemq:artemis-features ................ 2.43.0 -> 2.57.0
[INFO]   org.apache.activemq:artemis-hornetq-protocol ........ 2.43.0 -> 2.57.0
[INFO]   org.apache.activemq:artemis-hqclient-protocol ....... 2.43.0 -> 2.57.0
[INFO]   org.apache.activemq:artemis-jakarta-cdi-client ...... 2.43.0 -> 2.57.0
[INFO]   org.apache.activemq:artemis-jakarta-client .......... 2.43.0 -> 2.57.0
[INFO]   org.apache.activemq:artemis-jakarta-client-all ...... 2.43.0 -> 2.57.0
[INFO]   org.apache.activemq:artemis-jakarta-openwire-protocol ...
[INFO]                                                         2.43.0 -> 2.57.0
[INFO]   org.apache.activemq:artemis-jakarta-ra .............. 2.43.0 -> 2.57.0
[INFO]   org.apache.activemq:artemis-jakarta-server .......... 2.43.0 -> 2.57.0
[INFO]   org.apache.activemq:artemis-jakarta-service-extensions ...
[INFO]                                                         2.43.0 -> 2.57.0
[INFO]   org.apache.activemq:artemis-jdbc-store .............. 2.43.0 -> 2.57.0
[INFO]   org.apache.activemq:artemis-jms-client .............. 2.43.0 -> 2.57.0
[INFO]   org.apache.activemq:artemis-jms-client-all .......... 2.43.0 -> 2.57.0
[INFO]   org.apache.activemq:artemis-jms-client-osgi ......... 2.43.0 -> 2.57.0
[INFO]   org.apache.activemq:artemis-jms-server .............. 2.43.0 -> 2.57.0
[INFO]   org.apache.activemq:artemis-journal ................. 2.43.0 -> 2.57.0
[INFO]   org.apache.activemq:artemis-lockmanager-api ......... 2.43.0 -> 2.57.0
[INFO]   org.apache.activemq:artemis-lockmanager-ri .......... 2.43.0 -> 2.57.0
[INFO]   org.apache.activemq:artemis-mqtt-protocol ........... 2.43.0 -> 2.57.0
[INFO]   org.apache.activemq:artemis-openwire-protocol ....... 2.43.0 -> 2.57.0
[INFO]   org.apache.activemq:artemis-ra ...................... 2.43.0 -> 2.57.0
[INFO]   org.apache.activemq:artemis-selector ................ 2.43.0 -> 2.57.0
[INFO]   org.apache.activemq:artemis-server .................. 2.43.0 -> 2.57.0
[INFO]   org.apache.activemq:artemis-server-osgi ............. 2.43.0 -> 2.57.0
[INFO]   org.apache.activemq:artemis-service-extensions ...... 2.43.0 -> 2.57.0
[INFO]   org.apache.activemq:artemis-stomp-protocol .......... 2.43.0 -> 2.57.0
[INFO]   org.apache.activemq:artemis-web ..................... 2.43.0 -> 2.57.0
[INFO]   org.apache.activemq:artemis-website ................. 2.43.0 -> 2.57.0
[INFO]   org.apache.commons:commons-dbcp2 .................... 2.13.0 -> 2.14.0
[INFO]   org.apache.commons:commons-pool2 .................... 2.12.1 -> 2.13.1
[INFO]   org.apache.derby:derby ........................ 10.16.1.1 -> 10.17.1.0
[INFO]   org.apache.derby:derbyclient .................. 10.16.1.1 -> 10.17.1.0
[INFO]   org.apache.derby:derbynet ..................... 10.16.1.1 -> 10.17.1.0
[INFO]   org.apache.derby:derbyoptionaltools ........... 10.16.1.1 -> 10.17.1.0
[INFO]   org.apache.derby:derbyshared .................. 10.16.1.1 -> 10.17.1.0
[INFO]   org.apache.derby:derbytools ................... 10.16.1.1 -> 10.17.1.0
[INFO]   org.apache.groovy:groovy .............................. 5.0.8 -> 5.1.2
[INFO]   org.apache.groovy:groovy-ant .......................... 5.0.8 -> 5.1.2
[INFO]   org.apache.groovy:groovy-astbuilder ................... 5.0.8 -> 5.1.2
[INFO]   org.apache.groovy:groovy-cli-commons .................. 5.0.8 -> 5.1.2
[INFO]   org.apache.groovy:groovy-cli-picocli .................. 5.0.8 -> 5.1.2
[INFO]   org.apache.groovy:groovy-console ...................... 5.0.8 -> 5.1.2
[INFO]   org.apache.groovy:groovy-contracts .................... 5.0.8 -> 5.1.2
[INFO]   org.apache.groovy:groovy-datetime ..................... 5.0.8 -> 5.1.2
[INFO]   org.apache.groovy:groovy-dateutil ..................... 5.0.8 -> 5.1.2
[INFO]   org.apache.groovy:groovy-docgenerator ................. 5.0.8 -> 5.1.2
[INFO]   org.apache.groovy:groovy-ginq ......................... 5.0.8 -> 5.1.2
[INFO]   org.apache.groovy:groovy-groovydoc .................... 5.0.8 -> 5.1.2
[INFO]   org.apache.groovy:groovy-groovysh ..................... 5.0.8 -> 5.1.2
[INFO]   org.apache.groovy:groovy-jmx .......................... 5.0.8 -> 5.1.2
[INFO]   org.apache.groovy:groovy-json ......................... 5.0.8 -> 5.1.2
[INFO]   org.apache.groovy:groovy-jsr223 ....................... 5.0.8 -> 5.1.2
[INFO]   org.apache.groovy:groovy-macro ........................ 5.0.8 -> 5.1.2
[INFO]   org.apache.groovy:groovy-macro-library ................ 5.0.8 -> 5.1.2
[INFO]   org.apache.groovy:groovy-nio .......................... 5.0.8 -> 5.1.2
[INFO]   org.apache.groovy:groovy-servlet ...................... 5.0.8 -> 5.1.2
[INFO]   org.apache.groovy:groovy-sql .......................... 5.0.8 -> 5.1.2
[INFO]   org.apache.groovy:groovy-swing ........................ 5.0.8 -> 5.1.2
[INFO]   org.apache.groovy:groovy-templates .................... 5.0.8 -> 5.1.2
[INFO]   org.apache.groovy:groovy-test ......................... 5.0.8 -> 5.1.2
[INFO]   org.apache.groovy:groovy-test-junit5 .................. 5.0.8 -> 5.1.2
[INFO]   org.apache.groovy:groovy-testng ....................... 5.0.8 -> 5.1.2
[INFO]   org.apache.groovy:groovy-toml ......................... 5.0.8 -> 5.1.2
[INFO]   org.apache.groovy:groovy-typecheckers ................. 5.0.8 -> 5.1.2
[INFO]   org.apache.groovy:groovy-xml .......................... 5.0.8 -> 5.1.2
[INFO]   org.apache.groovy:groovy-yaml ......................... 5.0.8 -> 5.1.2
[INFO]   org.apache.httpcomponents.client5:httpclient5 ......... 5.5.2 -> 5.6.4
[INFO]   org.apache.httpcomponents.client5:httpclient5-cache ... 5.5.2 -> 5.6.4
[INFO]   org.apache.httpcomponents.client5:httpclient5-fluent ...
[INFO]                                                           5.5.2 -> 5.6.4
[INFO]   org.apache.httpcomponents.core5:httpcore5 ............. 5.3.6 -> 5.4.3
[INFO]   org.apache.httpcomponents.core5:httpcore5-h2 .......... 5.3.6 -> 5.4.3
[INFO]   org.apache.httpcomponents.core5:httpcore5-reactive .... 5.3.6 -> 5.4.3
[INFO]   org.apache.kafka:connect .............................. 4.1.2 -> 4.3.1
[INFO]   org.apache.kafka:connect-api .......................... 4.1.2 -> 4.3.1
[INFO]   org.apache.kafka:connect-basic-auth-extension ......... 4.1.2 -> 4.3.1
[INFO]   org.apache.kafka:connect-file ......................... 4.1.2 -> 4.3.1
[INFO]   org.apache.kafka:connect-json ......................... 4.1.2 -> 4.3.1
[INFO]   org.apache.kafka:connect-mirror ....................... 4.1.2 -> 4.3.1
[INFO]   org.apache.kafka:connect-mirror-client ................ 4.1.2 -> 4.3.1
[INFO]   org.apache.kafka:connect-runtime ...................... 4.1.2 -> 4.3.1
[INFO]   org.apache.kafka:connect-transforms ................... 4.1.2 -> 4.3.1
[INFO]   org.apache.kafka:generator ............................ 4.1.2 -> 4.3.1
[INFO]   org.apache.kafka:kafka-clients ........................ 4.1.2 -> 4.3.1
[INFO]   org.apache.kafka:kafka-metadata ....................... 4.1.2 -> 4.3.1
[INFO]   org.apache.kafka:kafka-raft ........................... 4.1.2 -> 4.3.1
[INFO]   org.apache.kafka:kafka-server ......................... 4.1.2 -> 4.3.1
[INFO]   org.apache.kafka:kafka-server-common .................. 4.1.2 -> 4.3.1
[INFO]   org.apache.kafka:kafka-server-common .................. 4.1.2 -> 4.3.1
[INFO]   org.apache.kafka:kafka-shell .......................... 4.1.2 -> 4.3.1
[INFO]   org.apache.kafka:kafka-storage ........................ 4.1.2 -> 4.3.1
[INFO]   org.apache.kafka:kafka-storage-api .................... 4.1.2 -> 4.3.1
[INFO]   org.apache.kafka:kafka-streams ........................ 4.1.2 -> 4.3.1
[INFO]   org.apache.kafka:kafka-streams-scala_2.13 ............. 4.1.2 -> 4.3.1
[INFO]   org.apache.kafka:kafka-streams-test-utils ............. 4.1.2 -> 4.3.1
[INFO]   org.apache.kafka:kafka-tools .......................... 4.1.2 -> 4.3.1
[INFO]   org.apache.kafka:kafka_2.13 ........................... 4.1.2 -> 4.3.1
[INFO]   org.apache.kafka:kafka_2.13 ........................... 4.1.2 -> 4.3.1
[INFO]   org.apache.kafka:trogdor .............................. 4.1.2 -> 4.3.1
[INFO]   org.apache.logging.log4j:log4j-1.2-api .............. 2.25.5 -> 2.26.1
[INFO]   org.apache.logging.log4j:log4j-api-test ............. 2.25.5 -> 2.26.1
[INFO]   org.apache.logging.log4j:log4j-appserver ............ 2.25.5 -> 2.26.1
[INFO]   org.apache.logging.log4j:log4j-cassandra ............ 2.25.5 -> 2.26.1
[INFO]   org.apache.logging.log4j:log4j-core ................. 2.25.5 -> 2.26.1
[INFO]   org.apache.logging.log4j:log4j-core-test ............ 2.25.5 -> 2.26.1
[INFO]   org.apache.logging.log4j:log4j-couchdb .............. 2.25.5 -> 2.26.1
[INFO]   org.apache.logging.log4j:log4j-docker ............... 2.25.5 -> 2.26.1
[INFO]   org.apache.logging.log4j:log4j-iostreams ............ 2.25.5 -> 2.26.1
[INFO]   org.apache.logging.log4j:log4j-jakarta-jms .......... 2.25.5 -> 2.26.1
[INFO]   org.apache.logging.log4j:log4j-jakarta-smtp ......... 2.25.5 -> 2.26.1
[INFO]   org.apache.logging.log4j:log4j-jakarta-web .......... 2.25.5 -> 2.26.1
[INFO]   org.apache.logging.log4j:log4j-jcl .................. 2.25.5 -> 2.26.1
[INFO]   org.apache.logging.log4j:log4j-jpa .................. 2.25.5 -> 2.26.1
[INFO]   org.apache.logging.log4j:log4j-jpl .................. 2.25.5 -> 2.26.1
[INFO]   org.apache.logging.log4j:log4j-jul .................. 2.25.5 -> 2.26.1
[INFO]   org.apache.logging.log4j:log4j-layout-template-json ...
[INFO]                                                         2.25.5 -> 2.26.1
[INFO]   org.apache.logging.log4j:log4j-mongodb .............. 2.25.5 -> 2.26.1
[INFO]   org.apache.logging.log4j:log4j-mongodb4 ............. 2.25.5 -> 2.26.1
[INFO]   org.apache.logging.log4j:log4j-slf4j-impl ........... 2.25.5 -> 2.26.1
[INFO]   org.apache.logging.log4j:log4j-slf4j2-impl .......... 2.25.5 -> 2.26.1
[INFO]   org.apache.logging.log4j:log4j-spring-boot .......... 2.25.5 -> 2.26.1
[INFO]   org.apache.logging.log4j:log4j-spring-cloud-config-client ...
[INFO]                                                         2.25.5 -> 2.26.1
[INFO]   org.apache.logging.log4j:log4j-taglib ............... 2.25.5 -> 2.26.1
[INFO]   org.apache.logging.log4j:log4j-to-jul ............... 2.25.5 -> 2.26.1
[INFO]   org.apache.logging.log4j:log4j-web .................. 2.25.5 -> 2.26.1
[INFO]   org.apache.pulsar:bouncy-castle-bc .................... 4.1.3 -> 4.2.4
[INFO]   org.apache.pulsar:bouncy-castle-bcfips ................ 4.1.3 -> 4.2.4
[INFO]   org.apache.pulsar:bouncy-castle-parent ................ 4.1.3 -> 4.2.4
[INFO]   org.apache.pulsar:buildtools .......................... 4.1.3 -> 4.2.4
[INFO]   org.apache.pulsar:distribution ........................ 4.1.3 -> 4.2.4
[INFO]   org.apache.pulsar:docker-images ....................... 4.1.3 -> 4.2.4
[INFO]   org.apache.pulsar:jclouds-shaded ...................... 4.1.3 -> 4.2.4
[INFO]   org.apache.pulsar:managed-ledger ...................... 4.1.3 -> 4.2.4
[INFO]   org.apache.pulsar:pulsar .............................. 4.1.3 -> 4.2.4
[INFO]   org.apache.pulsar:pulsar-all-docker-image ............. 4.1.3 -> 4.2.4
[INFO]   org.apache.pulsar:pulsar-broker ....................... 4.1.3 -> 4.2.4
[INFO]   org.apache.pulsar:pulsar-broker-auth-athenz ........... 4.1.3 -> 4.2.4
[INFO]   org.apache.pulsar:pulsar-broker-auth-oidc ............. 4.1.3 -> 4.2.4
[INFO]   org.apache.pulsar:pulsar-broker-auth-sasl ............. 4.1.3 -> 4.2.4
[INFO]   org.apache.pulsar:pulsar-broker-common ................ 4.1.3 -> 4.2.4
[INFO]   org.apache.pulsar:pulsar-cli-utils .................... 4.1.3 -> 4.2.4
[INFO]   org.apache.pulsar:pulsar-client ....................... 4.1.3 -> 4.2.4
[INFO]   org.apache.pulsar:pulsar-client-admin ................. 4.1.3 -> 4.2.4
[INFO]   org.apache.pulsar:pulsar-client-admin-api ............. 4.1.3 -> 4.2.4
[INFO]   org.apache.pulsar:pulsar-client-admin-original ........ 4.1.3 -> 4.2.4
[INFO]   org.apache.pulsar:pulsar-client-all ................... 4.1.3 -> 4.2.4
[INFO]   org.apache.pulsar:pulsar-client-api ................... 4.1.3 -> 4.2.4
[INFO]   org.apache.pulsar:pulsar-client-auth-athenz ........... 4.1.3 -> 4.2.4
[INFO]   org.apache.pulsar:pulsar-client-auth-sasl ............. 4.1.3 -> 4.2.4
[INFO]   org.apache.pulsar:pulsar-client-messagecrypto-bc ...... 4.1.3 -> 4.2.4
[INFO]   org.apache.pulsar:pulsar-client-original .............. 4.1.3 -> 4.2.4
[INFO]   org.apache.pulsar:pulsar-client-tools ................. 4.1.3 -> 4.2.4
[INFO]   org.apache.pulsar:pulsar-client-tools-api ............. 4.1.3 -> 4.2.4
[INFO]   org.apache.pulsar:pulsar-common ....................... 4.1.3 -> 4.2.4
[INFO]   org.apache.pulsar:pulsar-config-validation ............ 4.1.3 -> 4.2.4
[INFO]   org.apache.pulsar:pulsar-docker-image ................. 4.1.3 -> 4.2.4
[INFO]   org.apache.pulsar:pulsar-docs-tools ................... 4.1.3 -> 4.2.4
[INFO]   org.apache.pulsar:pulsar-functions .................... 4.1.3 -> 4.2.4
[INFO]   org.apache.pulsar:pulsar-functions-api ................ 4.1.3 -> 4.2.4
[INFO]   org.apache.pulsar:pulsar-functions-api-examples ....... 4.1.3 -> 4.2.4
[INFO]   org.apache.pulsar:pulsar-functions-api-examples-builtin ...
[INFO]                                                           4.1.3 -> 4.2.4
[INFO]   org.apache.pulsar:pulsar-functions-instance ........... 4.1.3 -> 4.2.4
[INFO]   org.apache.pulsar:pulsar-functions-local-runner ....... 4.1.3 -> 4.2.4
[INFO]   org.apache.pulsar:pulsar-functions-local-runner-original ...
[INFO]                                                           4.1.3 -> 4.2.4
[INFO]   org.apache.pulsar:pulsar-functions-proto .............. 4.1.3 -> 4.2.4
[INFO]   org.apache.pulsar:pulsar-functions-runtime ............ 4.1.3 -> 4.2.4
[INFO]   org.apache.pulsar:pulsar-functions-runtime-all ........ 4.1.3 -> 4.2.4
[INFO]   org.apache.pulsar:pulsar-functions-secrets ............ 4.1.3 -> 4.2.4
[INFO]   org.apache.pulsar:pulsar-functions-utils .............. 4.1.3 -> 4.2.4
[INFO]   org.apache.pulsar:pulsar-functions-worker ............. 4.1.3 -> 4.2.4
[INFO]   org.apache.pulsar:pulsar-io ........................... 4.1.3 -> 4.2.4
[INFO]   org.apache.pulsar:pulsar-io-aerospike ................. 4.1.3 -> 4.2.4
[INFO]   org.apache.pulsar:pulsar-io-alluxio ................... 4.1.3 -> 4.2.4
[INFO]   org.apache.pulsar:pulsar-io-aws ....................... 4.1.3 -> 4.2.4
[INFO]   org.apache.pulsar:pulsar-io-batch-data-generator ...... 4.1.3 -> 4.2.4
[INFO]   org.apache.pulsar:pulsar-io-batch-discovery-triggerers ...
[INFO]                                                           4.1.3 -> 4.2.4
[INFO]   org.apache.pulsar:pulsar-io-canal ..................... 4.1.3 -> 4.2.4
[INFO]   org.apache.pulsar:pulsar-io-cassandra ................. 4.1.3 -> 4.2.4
[INFO]   org.apache.pulsar:pulsar-io-common .................... 4.1.3 -> 4.2.4
[INFO]   org.apache.pulsar:pulsar-io-core ...................... 4.1.3 -> 4.2.4
[INFO]   org.apache.pulsar:pulsar-io-data-generator ............ 4.1.3 -> 4.2.4
[INFO]   org.apache.pulsar:pulsar-io-debezium .................. 4.1.3 -> 4.2.4
[INFO]   org.apache.pulsar:pulsar-io-debezium-core ............. 4.1.3 -> 4.2.4
[INFO]   org.apache.pulsar:pulsar-io-debezium-mongodb .......... 4.1.3 -> 4.2.4
[INFO]   org.apache.pulsar:pulsar-io-debezium-mssql ............ 4.1.3 -> 4.2.4
[INFO]   org.apache.pulsar:pulsar-io-debezium-mysql ............ 4.1.3 -> 4.2.4
[INFO]   org.apache.pulsar:pulsar-io-debezium-oracle ........... 4.1.3 -> 4.2.4
[INFO]   org.apache.pulsar:pulsar-io-debezium-postgres ......... 4.1.3 -> 4.2.4
[INFO]   org.apache.pulsar:pulsar-io-distribution .............. 4.1.3 -> 4.2.4
[INFO]   org.apache.pulsar:pulsar-io-docs ...................... 4.1.3 -> 4.2.4
[INFO]   org.apache.pulsar:pulsar-io-dynamodb .................. 4.1.3 -> 4.2.4
[INFO]   org.apache.pulsar:pulsar-io-elastic-search ............ 4.1.3 -> 4.2.4
[INFO]   org.apache.pulsar:pulsar-io-file ...................... 4.1.3 -> 4.2.4
[INFO]   org.apache.pulsar:pulsar-io-hbase ..................... 4.1.3 -> 4.2.4
[INFO]   org.apache.pulsar:pulsar-io-hdfs3 ..................... 4.1.3 -> 4.2.4
[INFO]   org.apache.pulsar:pulsar-io-http ...................... 4.1.3 -> 4.2.4
[INFO]   org.apache.pulsar:pulsar-io-influxdb .................. 4.1.3 -> 4.2.4
[INFO]   org.apache.pulsar:pulsar-io-jdbc ...................... 4.1.3 -> 4.2.4
[INFO]   org.apache.pulsar:pulsar-io-jdbc-clickhouse ........... 4.1.3 -> 4.2.4
[INFO]   org.apache.pulsar:pulsar-io-jdbc-core ................. 4.1.3 -> 4.2.4
[INFO]   org.apache.pulsar:pulsar-io-jdbc-mariadb .............. 4.1.3 -> 4.2.4
[INFO]   org.apache.pulsar:pulsar-io-jdbc-openmldb ............. 4.1.3 -> 4.2.4
[INFO]   org.apache.pulsar:pulsar-io-jdbc-postgres ............. 4.1.3 -> 4.2.4
[INFO]   org.apache.pulsar:pulsar-io-jdbc-sqlite ............... 4.1.3 -> 4.2.4
[INFO]   org.apache.pulsar:pulsar-io-kafka ..................... 4.1.3 -> 4.2.4
[INFO]   org.apache.pulsar:pulsar-io-kafka-connect-adaptor ..... 4.1.3 -> 4.2.4
[INFO]   org.apache.pulsar:pulsar-io-kafka-connect-adaptor-nar ...
[INFO]                                                           4.1.3 -> 4.2.4
[INFO]   org.apache.pulsar:pulsar-io-kinesis ................... 4.1.3 -> 4.2.4
[INFO]   org.apache.pulsar:pulsar-io-mongo ..................... 4.1.3 -> 4.2.4
[INFO]   org.apache.pulsar:pulsar-io-netty ..................... 4.1.3 -> 4.2.4
[INFO]   org.apache.pulsar:pulsar-io-nsq ....................... 4.1.3 -> 4.2.4
[INFO]   org.apache.pulsar:pulsar-io-rabbitmq .................. 4.1.3 -> 4.2.4
[INFO]   org.apache.pulsar:pulsar-io-redis ..................... 4.1.3 -> 4.2.4
[INFO]   org.apache.pulsar:pulsar-io-solr ...................... 4.1.3 -> 4.2.4
[INFO]   org.apache.pulsar:pulsar-metadata ..................... 4.1.3 -> 4.2.4
[INFO]   org.apache.pulsar:pulsar-offloader-distribution ....... 4.1.3 -> 4.2.4
[INFO]   org.apache.pulsar:pulsar-package-bookkeeper-storage ... 4.1.3 -> 4.2.4
[INFO]   org.apache.pulsar:pulsar-package-core ................. 4.1.3 -> 4.2.4
[INFO]   org.apache.pulsar:pulsar-package-filesystem-storage ... 4.1.3 -> 4.2.4
[INFO]   org.apache.pulsar:pulsar-package-management ........... 4.1.3 -> 4.2.4
[INFO]   org.apache.pulsar:pulsar-proxy ........................ 4.1.3 -> 4.2.4
[INFO]   org.apache.pulsar:pulsar-server-distribution .......... 4.1.3 -> 4.2.4
[INFO]   org.apache.pulsar:pulsar-shell-distribution ........... 4.1.3 -> 4.2.4
[INFO]   org.apache.pulsar:pulsar-testclient ................... 4.1.3 -> 4.2.4
[INFO]   org.apache.pulsar:pulsar-transaction-common ........... 4.1.3 -> 4.2.4
[INFO]   org.apache.pulsar:pulsar-transaction-coordinator ...... 4.1.3 -> 4.2.4
[INFO]   org.apache.pulsar:pulsar-transaction-parent ........... 4.1.3 -> 4.2.4
[INFO]   org.apache.pulsar:pulsar-websocket .................... 4.1.3 -> 4.2.4
[INFO]   org.apache.pulsar:structured-event-log ................ 4.1.3 -> 4.2.4
[INFO]   org.apache.pulsar:testmocks ........................... 4.1.3 -> 4.2.4
[INFO]   org.apache.tomcat:tomcat-jdbc ..................... 11.0.24 -> 11.0.25
[INFO]   org.apache.tomcat:tomcat-jsp-api .................. 11.0.24 -> 11.0.25
[INFO]   org.apache.tomcat.embed:tomcat-embed-jasper ....... 11.0.24 -> 11.0.25
[INFO]   org.eclipse.jetty:jetty-alpn-bouncycastle-client ...
[INFO]                                                       12.1.12 -> 12.1.13
[INFO]   org.eclipse.jetty:jetty-alpn-bouncycastle-server ...
[INFO]                                                       12.1.12 -> 12.1.13
[INFO]   org.eclipse.jetty:jetty-alpn-client ............... 12.1.12 -> 12.1.13
[INFO]   org.eclipse.jetty:jetty-alpn-conscrypt-client ..... 12.1.12 -> 12.1.13
[INFO]   org.eclipse.jetty:jetty-alpn-conscrypt-server ..... 12.1.12 -> 12.1.13
[INFO]   org.eclipse.jetty:jetty-alpn-java-client .......... 12.1.12 -> 12.1.13
[INFO]   org.eclipse.jetty:jetty-alpn-java-server .......... 12.1.12 -> 12.1.13
[INFO]   org.eclipse.jetty:jetty-alpn-server ............... 12.1.12 -> 12.1.13
[INFO]   org.eclipse.jetty:jetty-annotations ............... 12.1.12 -> 12.1.13
[INFO]   org.eclipse.jetty:jetty-client .................... 12.1.12 -> 12.1.13
[INFO]   org.eclipse.jetty:jetty-coreapp ................... 12.1.12 -> 12.1.13
[INFO]   org.eclipse.jetty:jetty-deploy .................... 12.1.12 -> 12.1.13
[INFO]   org.eclipse.jetty:jetty-http ...................... 12.1.12 -> 12.1.13
[INFO]   org.eclipse.jetty:jetty-http-spi .................. 12.1.12 -> 12.1.13
[INFO]   org.eclipse.jetty:jetty-http-tools ................ 12.1.12 -> 12.1.13
[INFO]   org.eclipse.jetty:jetty-io ........................ 12.1.12 -> 12.1.13
[INFO]   org.eclipse.jetty:jetty-jmx ....................... 12.1.12 -> 12.1.13
[INFO]   org.eclipse.jetty:jetty-jndi ...................... 12.1.12 -> 12.1.13
[INFO]   org.eclipse.jetty:jetty-keystore .................. 12.1.12 -> 12.1.13
[INFO]   org.eclipse.jetty:jetty-osgi ...................... 12.1.12 -> 12.1.13
[INFO]   org.eclipse.jetty:jetty-plus ...................... 12.1.12 -> 12.1.13
[INFO]   org.eclipse.jetty:jetty-proxy ..................... 12.1.12 -> 12.1.13
[INFO]   org.eclipse.jetty:jetty-rewrite ................... 12.1.12 -> 12.1.13
[INFO]   org.eclipse.jetty:jetty-security .................. 12.1.12 -> 12.1.13
[INFO]   org.eclipse.jetty:jetty-server .................... 12.1.12 -> 12.1.13
[INFO]   org.eclipse.jetty:jetty-session ................... 12.1.12 -> 12.1.13
[INFO]   org.eclipse.jetty:jetty-slf4j-impl ................ 12.1.12 -> 12.1.13
[INFO]   org.eclipse.jetty:jetty-start ..................... 12.1.12 -> 12.1.13
[INFO]   org.eclipse.jetty:jetty-staticapp ................. 12.1.12 -> 12.1.13
[INFO]   org.eclipse.jetty:jetty-unixdomain-server ......... 12.1.12 -> 12.1.13
[INFO]   org.eclipse.jetty:jetty-util ...................... 12.1.12 -> 12.1.13
[INFO]   org.eclipse.jetty:jetty-util-ajax ................. 12.1.12 -> 12.1.13
[INFO]   org.eclipse.jetty:jetty-xml ....................... 12.1.12 -> 12.1.13
[INFO]   org.eclipse.jetty.compression:jetty-compression-brotli ...
[INFO]                                                       12.1.12 -> 12.1.13
[INFO]   org.eclipse.jetty.compression:jetty-compression-client ...
[INFO]                                                       12.1.12 -> 12.1.13
[INFO]   org.eclipse.jetty.compression:jetty-compression-common ...
[INFO]                                                       12.1.12 -> 12.1.13
[INFO]   org.eclipse.jetty.compression:jetty-compression-gzip ...
[INFO]                                                       12.1.12 -> 12.1.13
[INFO]   org.eclipse.jetty.compression:jetty-compression-server ...
[INFO]                                                       12.1.12 -> 12.1.13
[INFO]   org.eclipse.jetty.compression:jetty-compression-zstandard ...
[INFO]                                                       12.1.12 -> 12.1.13
[INFO]   org.eclipse.jetty.ee:jetty-ee-webapp .............. 12.1.12 -> 12.1.13
[INFO]   org.eclipse.jetty.ee11:jetty-ee11-annotations ..... 12.1.12 -> 12.1.13
[INFO]   org.eclipse.jetty.ee11:jetty-ee11-apache-jsp ...... 12.1.12 -> 12.1.13
[INFO]   org.eclipse.jetty.ee11:jetty-ee11-cdi ............. 12.1.12 -> 12.1.13
[INFO]   org.eclipse.jetty.ee11:jetty-ee11-fcgi-proxy ...... 12.1.12 -> 12.1.13
[INFO]   org.eclipse.jetty.ee11:jetty-ee11-glassfish-jstl ...
[INFO]                                                       12.1.12 -> 12.1.13
[INFO]   org.eclipse.jetty.ee11:jetty-ee11-jaspi ........... 12.1.12 -> 12.1.13
[INFO]   org.eclipse.jetty.ee11:jetty-ee11-jndi ............ 12.1.12 -> 12.1.13
[INFO]   org.eclipse.jetty.ee11:jetty-ee11-jspc-maven-plugin ...
[INFO]                                                       12.1.12 -> 12.1.13
[INFO]   org.eclipse.jetty.ee11:jetty-ee11-maven-plugin .... 12.1.12 -> 12.1.13
[INFO]   org.eclipse.jetty.ee11:jetty-ee11-plus ............ 12.1.12 -> 12.1.13
[INFO]   org.eclipse.jetty.ee11:jetty-ee11-proxy ........... 12.1.12 -> 12.1.13
[INFO]   org.eclipse.jetty.ee11:jetty-ee11-quickstart ...... 12.1.12 -> 12.1.13
[INFO]   org.eclipse.jetty.ee11:jetty-ee11-servlet ......... 12.1.12 -> 12.1.13
[INFO]   org.eclipse.jetty.ee11:jetty-ee11-servlets ........ 12.1.12 -> 12.1.13
[INFO]   org.eclipse.jetty.ee11:jetty-ee11-webapp .......... 12.1.12 -> 12.1.13
[INFO]   org.eclipse.jetty.ee11.osgi:jetty-ee11-osgi-alpn ...
[INFO]                                                       12.1.12 -> 12.1.13
[INFO]   org.eclipse.jetty.ee11.osgi:jetty-ee11-osgi-boot ...
[INFO]                                                       12.1.12 -> 12.1.13
[INFO]   org.eclipse.jetty.ee11.osgi:jetty-ee11-osgi-boot-jsp ...
[INFO]                                                       12.1.12 -> 12.1.13
[INFO]   org.eclipse.jetty.ee11.websocket:jetty-ee11-websocket-jakarta-client ...
[INFO]                                                       12.1.12 -> 12.1.13
[INFO]   org.eclipse.jetty.ee11.websocket:jetty-ee11-websocket-jakarta-client-webapp ...
[INFO]                                                       12.1.12 -> 12.1.13
[INFO]   org.eclipse.jetty.ee11.websocket:jetty-ee11-websocket-jakarta-common ...
[INFO]                                                       12.1.12 -> 12.1.13
[INFO]   org.eclipse.jetty.ee11.websocket:jetty-ee11-websocket-jakarta-server ...
[INFO]                                                       12.1.12 -> 12.1.13
[INFO]   org.eclipse.jetty.ee11.websocket:jetty-ee11-websocket-jetty-client-webapp ...
[INFO]                                                       12.1.12 -> 12.1.13
[INFO]   org.eclipse.jetty.ee11.websocket:jetty-ee11-websocket-jetty-server ...
[INFO]                                                       12.1.12 -> 12.1.13
[INFO]   org.eclipse.jetty.ee11.websocket:jetty-ee11-websocket-servlet ...
[INFO]                                                       12.1.12 -> 12.1.13
[INFO]   org.eclipse.jetty.fcgi:jetty-fcgi-client .......... 12.1.12 -> 12.1.13
[INFO]   org.eclipse.jetty.fcgi:jetty-fcgi-proxy ........... 12.1.12 -> 12.1.13
[INFO]   org.eclipse.jetty.fcgi:jetty-fcgi-server .......... 12.1.12 -> 12.1.13
[INFO]   org.eclipse.jetty.http2:jetty-http2-client ........ 12.1.12 -> 12.1.13
[INFO]   org.eclipse.jetty.http2:jetty-http2-client-transport ...
[INFO]                                                       12.1.12 -> 12.1.13
[INFO]   org.eclipse.jetty.http2:jetty-http2-common ........ 12.1.12 -> 12.1.13
[INFO]   org.eclipse.jetty.http2:jetty-http2-hpack ......... 12.1.12 -> 12.1.13
[INFO]   org.eclipse.jetty.http2:jetty-http2-server ........ 12.1.12 -> 12.1.13
[INFO]   org.eclipse.jetty.http3:jetty-http3-client ........ 12.1.12 -> 12.1.13
[INFO]   org.eclipse.jetty.http3:jetty-http3-client-transport ...
[INFO]                                                       12.1.12 -> 12.1.13
[INFO]   org.eclipse.jetty.http3:jetty-http3-common ........ 12.1.12 -> 12.1.13
[INFO]   org.eclipse.jetty.http3:jetty-http3-qpack ......... 12.1.12 -> 12.1.13
[INFO]   org.eclipse.jetty.http3:jetty-http3-server ........ 12.1.12 -> 12.1.13
[INFO]   org.eclipse.jetty.quic:jetty-quic-api ............. 12.1.12 -> 12.1.13
[INFO]   org.eclipse.jetty.quic:jetty-quic-client .......... 12.1.12 -> 12.1.13
[INFO]   org.eclipse.jetty.quic:jetty-quic-common .......... 12.1.12 -> 12.1.13
[INFO]   org.eclipse.jetty.quic:jetty-quic-quiche-client ... 12.1.12 -> 12.1.13
[INFO]   org.eclipse.jetty.quic:jetty-quic-quiche-common ... 12.1.12 -> 12.1.13
[INFO]   org.eclipse.jetty.quic:jetty-quic-quiche-foreign ...
[INFO]                                                       12.1.12 -> 12.1.13
[INFO]   org.eclipse.jetty.quic:jetty-quic-quiche-jna ...... 12.1.12 -> 12.1.13
[INFO]   org.eclipse.jetty.quic:jetty-quic-quiche-server ... 12.1.12 -> 12.1.13
[INFO]   org.eclipse.jetty.quic:jetty-quic-server .......... 12.1.12 -> 12.1.13
[INFO]   org.eclipse.jetty.quic:jetty-quic-util ............ 12.1.12 -> 12.1.13
[INFO]   org.eclipse.jetty.websocket:jetty-websocket-core-client ...
[INFO]                                                       12.1.12 -> 12.1.13
[INFO]   org.eclipse.jetty.websocket:jetty-websocket-core-common ...
[INFO]                                                       12.1.12 -> 12.1.13
[INFO]   org.eclipse.jetty.websocket:jetty-websocket-core-server ...
[INFO]                                                       12.1.12 -> 12.1.13
[INFO]   org.eclipse.jetty.websocket:jetty-websocket-jetty-api ...
[INFO]                                                       12.1.12 -> 12.1.13
[INFO]   org.eclipse.jetty.websocket:jetty-websocket-jetty-client ...
[INFO]                                                       12.1.12 -> 12.1.13
[INFO]   org.eclipse.jetty.websocket:jetty-websocket-jetty-common ...
[INFO]                                                       12.1.12 -> 12.1.13
[INFO]   org.eclipse.jetty.websocket:jetty-websocket-jetty-server ...
[INFO]                                                       12.1.12 -> 12.1.13
[INFO]   org.ehcache:ehcache ................................. 3.11.1 -> 3.12.0
[INFO]   org.ehcache:ehcache ................................. 3.11.1 -> 3.12.0
[INFO]   org.ehcache:ehcache-clustered ....................... 3.11.1 -> 3.12.0
[INFO]   org.ehcache:ehcache-transactions .................... 3.11.1 -> 3.12.0
[INFO]   org.ehcache:ehcache-transactions .................... 3.11.1 -> 3.12.0
[INFO]   org.firebirdsql.jdbc:jaybird .......................... 6.0.5 -> 6.0.6
[INFO]   org.flywaydb:flyway-commandline .................... 11.14.1 -> 13.6.0
[INFO]   org.flywaydb:flyway-core ........................... 11.14.1 -> 13.6.0
[INFO]   org.flywaydb:flyway-database-cassandra ............. 11.14.1 -> 13.6.0
[INFO]   org.flywaydb:flyway-database-db2 ................... 11.14.1 -> 13.6.0
[INFO]   org.flywaydb:flyway-database-derby ................. 11.14.1 -> 13.6.0
[INFO]   org.flywaydb:flyway-database-hsqldb ................ 11.14.1 -> 13.6.0
[INFO]   org.flywaydb:flyway-database-informix .............. 11.14.1 -> 13.6.0
[INFO]   org.flywaydb:flyway-database-mongodb ............... 11.14.1 -> 12.0.0
[INFO]   org.flywaydb:flyway-database-oracle ................ 11.14.1 -> 13.6.0
[INFO]   org.flywaydb:flyway-database-postgresql ............ 11.14.1 -> 13.6.0
[INFO]   org.flywaydb:flyway-database-redshift .............. 11.14.1 -> 13.6.0
[INFO]   org.flywaydb:flyway-database-saphana ............... 11.14.1 -> 13.6.0
[INFO]   org.flywaydb:flyway-database-snowflake ............. 11.14.1 -> 13.6.0
[INFO]   org.flywaydb:flyway-database-sybasease ............. 11.14.1 -> 13.6.0
[INFO]   org.flywaydb:flyway-firebird ....................... 11.14.1 -> 13.6.0
[INFO]   org.flywaydb:flyway-gcp-bigquery ................... 11.14.1 -> 13.6.0
[INFO]   org.flywaydb:flyway-gcp-spanner .................... 11.14.1 -> 13.6.0
[INFO]   org.flywaydb:flyway-mysql .......................... 11.14.1 -> 13.6.0
[INFO]   org.flywaydb:flyway-singlestore .................... 11.14.1 -> 13.6.0
[INFO]   org.flywaydb:flyway-sqlserver ...................... 11.14.1 -> 13.6.0
[INFO]   org.freemarker:freemarker ........................... 2.3.34 -> 2.3.35
[INFO]   org.hibernate.orm:hibernate-agroal ....... 7.2.24.Final -> 7.4.8.Final
[INFO]   org.hibernate.orm:hibernate-ant .......... 7.2.24.Final -> 7.4.8.Final
[INFO]   org.hibernate.orm:hibernate-c3p0 ......... 7.2.24.Final -> 7.4.8.Final
[INFO]   org.hibernate.orm:hibernate-community-dialects ...
[INFO]                                              7.2.24.Final -> 7.4.8.Final
[INFO]   org.hibernate.orm:hibernate-core ......... 7.2.24.Final -> 7.4.8.Final
[INFO]   org.hibernate.orm:hibernate-envers ....... 7.2.24.Final -> 7.4.8.Final
[INFO]   org.hibernate.orm:hibernate-graalvm ...... 7.2.24.Final -> 7.4.8.Final
[INFO]   org.hibernate.orm:hibernate-hikaricp ..... 7.2.24.Final -> 7.4.8.Final
[INFO]   org.hibernate.orm:hibernate-jcache ....... 7.2.24.Final -> 7.4.8.Final
[INFO]   org.hibernate.orm:hibernate-micrometer ... 7.2.24.Final -> 7.4.8.Final
[INFO]   org.hibernate.orm:hibernate-processor .... 7.2.24.Final -> 7.4.8.Final
[INFO]   org.hibernate.orm:hibernate-scan-jandex ...
[INFO]                                              7.2.24.Final -> 7.4.8.Final
[INFO]   org.hibernate.orm:hibernate-spatial ...... 7.2.24.Final -> 7.4.8.Final
[INFO]   org.hibernate.orm:hibernate-testing ...... 7.2.24.Final -> 7.4.8.Final
[INFO]   org.hibernate.orm:hibernate-vector ....... 7.2.24.Final -> 7.4.8.Final
[INFO]   org.hibernate.validator:hibernate-validator ...
[INFO]                                               9.0.1.Final -> 9.1.3.Final
[INFO]   org.hibernate.validator:hibernate-validator-annotation-processor ...
[INFO]                                               9.0.1.Final -> 9.1.3.Final
[INFO]   org.hsqldb:hsqldb ..................................... 2.7.3 -> 2.7.4
[INFO]   org.htmlunit:htmlunit ................................ 4.17.0 -> 5.5.0
[INFO]   org.infinispan:infinispan-anchored-keys ...
[INFO]                                             15.2.6.Final -> 16.3.0.Dev01
[INFO]   org.infinispan:infinispan-api ........... 15.2.6.Final -> 16.3.0.Dev01
[INFO]   org.infinispan:infinispan-cachestore-jdbc ...
[INFO]                                             15.2.6.Final -> 16.3.0.Dev01
[INFO]   org.infinispan:infinispan-cachestore-jdbc-common ...
[INFO]                                             15.2.6.Final -> 16.3.0.Dev01
[INFO]   org.infinispan:infinispan-cachestore-remote ...
[INFO]                                             15.2.6.Final -> 16.3.0.Dev01
[INFO]   org.infinispan:infinispan-cachestore-rocksdb ...
[INFO]                                             15.2.6.Final -> 16.3.0.Dev01
[INFO]   org.infinispan:infinispan-cachestore-sql ...
[INFO]                                             15.2.6.Final -> 16.3.0.Dev01
[INFO]   org.infinispan:infinispan-cdi-common .... 15.2.6.Final -> 16.3.0.Dev01
[INFO]   org.infinispan:infinispan-cdi-embedded ...
[INFO]                                             15.2.6.Final -> 16.3.0.Dev01
[INFO]   org.infinispan:infinispan-cdi-remote .... 15.2.6.Final -> 16.3.0.Dev01
[INFO]   org.infinispan:infinispan-checkstyle .... 15.2.6.Final -> 16.3.0.Dev01
[INFO]   org.infinispan:infinispan-cli-client .... 15.2.6.Final -> 16.3.0.Dev01
[INFO]   org.infinispan:infinispan-client-hotrod ...
[INFO]                                             15.2.6.Final -> 16.3.0.Dev01
[INFO]   org.infinispan:infinispan-client-hotrod-legacy ...
[INFO]                                             15.2.6.Final -> 16.0.0.Dev01
[INFO]   org.infinispan:infinispan-client-rest ... 15.2.6.Final -> 16.3.0.Dev01
[INFO]   org.infinispan:infinispan-clustered-counter ...
[INFO]                                             15.2.6.Final -> 16.3.0.Dev01
[INFO]   org.infinispan:infinispan-clustered-lock ...
[INFO]                                             15.2.6.Final -> 16.3.0.Dev01
[INFO]   org.infinispan:infinispan-commons ....... 15.2.6.Final -> 16.3.0.Dev01
[INFO]   org.infinispan:infinispan-commons-graalvm ...
[INFO]                                             15.2.6.Final -> 16.3.0.Dev01
[INFO]   org.infinispan:infinispan-commons-spi ... 15.2.6.Final -> 16.3.0.Dev01
[INFO]   org.infinispan:infinispan-commons-test ...
[INFO]                                             15.2.6.Final -> 16.1.0.Dev02
[INFO]   org.infinispan:infinispan-component-annotations ...
[INFO]                                             15.2.6.Final -> 16.3.0.Dev01
[INFO]   org.infinispan:infinispan-component-processor ...
[INFO]                                             15.2.6.Final -> 16.3.0.Dev01
[INFO]   org.infinispan:infinispan-console ............. 15.2.1.Final -> 16.3.0
[INFO]   org.infinispan:infinispan-core .......... 15.2.6.Final -> 16.3.0.Dev01
[INFO]   org.infinispan:infinispan-core-graalvm ...
[INFO]                                             15.2.6.Final -> 16.3.0.Dev01
[INFO]   org.infinispan:infinispan-counter-api ... 15.2.6.Final -> 16.3.0.Dev01
[INFO]   org.infinispan:infinispan-hibernate-cache-commons ...
[INFO]                                             15.2.6.Final -> 16.3.0.Dev01
[INFO]   org.infinispan:infinispan-hibernate-cache-spi ...
[INFO]                                             15.2.6.Final -> 16.3.0.Dev01
[INFO]   org.infinispan:infinispan-hibernate-cache-v62 ...
[INFO]                                             15.2.6.Final -> 16.0.0.Dev04
[INFO]   org.infinispan:infinispan-jboss-marshalling ...
[INFO]                                             15.2.6.Final -> 16.3.0.Dev01
[INFO]   org.infinispan:infinispan-jcache ........ 15.2.6.Final -> 16.3.0.Dev01
[INFO]   org.infinispan:infinispan-jcache-commons ...
[INFO]                                             15.2.6.Final -> 16.3.0.Dev01
[INFO]   org.infinispan:infinispan-jcache-remote ...
[INFO]                                             15.2.6.Final -> 16.3.0.Dev01
[INFO]   org.infinispan:infinispan-key-value-store-client ...
[INFO]                                             15.2.6.Final -> 16.3.0.Dev01
[INFO]   org.infinispan:infinispan-logging-annotations ...
[INFO]                                             15.2.6.Final -> 16.3.0.Dev01
[INFO]   org.infinispan:infinispan-logging-processor ...
[INFO]                                             15.2.6.Final -> 16.3.0.Dev01
[INFO]   org.infinispan:infinispan-multimap ...... 15.2.6.Final -> 16.3.0.Dev01
[INFO]   org.infinispan:infinispan-objectfilter ...
[INFO]                                             15.2.6.Final -> 16.0.0.Dev03
[INFO]   org.infinispan:infinispan-query ......... 15.2.6.Final -> 16.3.0.Dev01
[INFO]   org.infinispan:infinispan-query-core .... 15.2.6.Final -> 16.0.0.Dev03
[INFO]   org.infinispan:infinispan-query-dsl ..... 15.2.6.Final -> 16.0.0.Dev03
[INFO]   org.infinispan:infinispan-remote-query-client ...
[INFO]                                             15.2.6.Final -> 16.0.0.Dev03
[INFO]   org.infinispan:infinispan-remote-query-server ...
[INFO]                                             15.2.6.Final -> 16.0.0.Dev03
[INFO]   org.infinispan:infinispan-scripting ..... 15.2.6.Final -> 16.3.0.Dev01
[INFO]   org.infinispan:infinispan-server-core ... 15.2.6.Final -> 16.3.0.Dev01
[INFO]   org.infinispan:infinispan-server-hotrod ...
[INFO]                                             15.2.6.Final -> 16.3.0.Dev01
[INFO]   org.infinispan:infinispan-server-memcached ...
[INFO]                                             15.2.6.Final -> 16.3.0.Dev01
[INFO]   org.infinispan:infinispan-server-resp ... 15.2.6.Final -> 16.3.0.Dev01
[INFO]   org.infinispan:infinispan-server-rest ... 15.2.6.Final -> 16.3.0.Dev01
[INFO]   org.infinispan:infinispan-server-router ...
[INFO]                                             15.2.6.Final -> 16.3.0.Dev01
[INFO]   org.infinispan:infinispan-server-runtime ...
[INFO]                                             15.2.6.Final -> 16.3.0.Dev01
[INFO]   org.infinispan:infinispan-server-runtime ...
[INFO]                                             15.2.6.Final -> 16.3.0.Dev01
[INFO]   org.infinispan:infinispan-server-testdriver-core ...
[INFO]                                             15.2.6.Final -> 16.3.0.Dev01
[INFO]   org.infinispan:infinispan-server-testdriver-junit4 ...
[INFO]                                             15.2.6.Final -> 16.1.0.Dev01
[INFO]   org.infinispan:infinispan-server-testdriver-junit5 ...
[INFO]                                             15.2.6.Final -> 16.2.0.Dev02
[INFO]   org.infinispan:infinispan-spring-boot3-starter-embedded ...
[INFO]                                             15.2.6.Final -> 16.3.0.Dev01
[INFO]   org.infinispan:infinispan-spring-boot3-starter-remote ...
[INFO]                                             15.2.6.Final -> 16.3.0.Dev01
[INFO]   org.infinispan:infinispan-spring6-common ...... 15.2.6.Final -> 16.0.3
[INFO]   org.infinispan:infinispan-spring6-embedded ...
[INFO]                                             15.2.6.Final -> 16.3.0.Dev01
[INFO]   org.infinispan:infinispan-spring6-remote ...
[INFO]                                             15.2.6.Final -> 16.3.0.Dev01
[INFO]   org.infinispan:infinispan-tasks ......... 15.2.6.Final -> 16.3.0.Dev01
[INFO]   org.infinispan:infinispan-tasks-api ..... 15.2.6.Final -> 16.3.0.Dev01
[INFO]   org.infinispan:infinispan-tools ......... 15.2.6.Final -> 16.3.0.Dev01
[INFO]   org.infinispan.protostream:protostream ...
[INFO]                                            5.0.13.Final -> 15.0.13.Final
[INFO]   org.infinispan.protostream:protostream-processor ...
[INFO]                                            5.0.13.Final -> 15.0.13.Final
[INFO]   org.infinispan.protostream:protostream-types ...
[INFO]                                            5.0.13.Final -> 15.0.13.Final
[INFO]   org.jetbrains.kotlin:kotlin-compiler ................ 2.2.21 -> 2.4.20
[INFO]   org.jetbrains.kotlin:kotlin-compiler-embeddable ..... 2.2.21 -> 2.4.20
[INFO]   org.jetbrains.kotlin:kotlin-daemon-client ........... 2.2.21 -> 2.4.20
[INFO]   org.jetbrains.kotlin:kotlin-main-kts ................ 2.2.21 -> 2.4.20
[INFO]   org.jetbrains.kotlin:kotlin-osgi-bundle ............. 2.2.21 -> 2.4.20
[INFO]   org.jetbrains.kotlin:kotlin-reflect ................. 2.2.21 -> 2.4.20
[INFO]   org.jetbrains.kotlin:kotlin-script-runtime .......... 2.2.21 -> 2.4.20
[INFO]   org.jetbrains.kotlin:kotlin-scripting-common ........ 2.2.21 -> 2.4.20
[INFO]   org.jetbrains.kotlin:kotlin-scripting-ide-services ...
[INFO]                                                         2.2.21 -> 2.4.20
[INFO]   org.jetbrains.kotlin:kotlin-scripting-jvm ........... 2.2.21 -> 2.4.20
[INFO]   org.jetbrains.kotlin:kotlin-scripting-jvm-host ...... 2.2.21 -> 2.4.20
[INFO]   org.jetbrains.kotlin:kotlin-stdlib .................. 2.2.21 -> 2.4.20
[INFO]   org.jetbrains.kotlin:kotlin-stdlib-common ........... 2.2.21 -> 2.4.20
[INFO]   org.jetbrains.kotlin:kotlin-stdlib-jdk7 ............. 2.2.21 -> 2.4.20
[INFO]   org.jetbrains.kotlin:kotlin-stdlib-jdk8 ............. 2.2.21 -> 2.4.20
[INFO]   org.jetbrains.kotlin:kotlin-stdlib-js ............... 2.2.21 -> 2.4.20
[INFO]   org.jetbrains.kotlin:kotlin-test .................... 2.2.21 -> 2.4.20
[INFO]   org.jetbrains.kotlin:kotlin-test-annotations-common ...
[INFO]                                                         2.2.21 -> 2.4.20
[INFO]   org.jetbrains.kotlin:kotlin-test-common ............. 2.2.21 -> 2.4.20
[INFO]   org.jetbrains.kotlin:kotlin-test-js ................. 2.2.21 -> 2.4.20
[INFO]   org.jetbrains.kotlin:kotlin-test-junit .............. 2.2.21 -> 2.4.20
[INFO]   org.jetbrains.kotlin:kotlin-test-junit5 ............. 2.2.21 -> 2.4.20
[INFO]   org.jetbrains.kotlin:kotlin-test-testng ............. 2.2.21 -> 2.4.20
[INFO]   org.jetbrains.kotlinx:kotlinx-coroutines-android .... 1.10.2 -> 1.11.0
[INFO]   org.jetbrains.kotlinx:kotlinx-coroutines-core ....... 1.10.2 -> 1.11.0
[INFO]   org.jetbrains.kotlinx:kotlinx-coroutines-core-jvm ... 1.10.2 -> 1.11.0
[INFO]   org.jetbrains.kotlinx:kotlinx-coroutines-debug ...... 1.10.2 -> 1.11.0
[INFO]   org.jetbrains.kotlinx:kotlinx-coroutines-guava ...... 1.10.2 -> 1.11.0
[INFO]   org.jetbrains.kotlinx:kotlinx-coroutines-javafx ..... 1.10.2 -> 1.11.0
[INFO]   org.jetbrains.kotlinx:kotlinx-coroutines-jdk8 ....... 1.10.2 -> 1.11.0
[INFO]   org.jetbrains.kotlinx:kotlinx-coroutines-jdk9 ....... 1.10.2 -> 1.11.0
[INFO]   org.jetbrains.kotlinx:kotlinx-coroutines-play-services ...
[INFO]                                                         1.10.2 -> 1.11.0
[INFO]   org.jetbrains.kotlinx:kotlinx-coroutines-reactive ... 1.10.2 -> 1.11.0
[INFO]   org.jetbrains.kotlinx:kotlinx-coroutines-reactor .... 1.10.2 -> 1.11.0
[INFO]   org.jetbrains.kotlinx:kotlinx-coroutines-rx2 ........ 1.10.2 -> 1.11.0
[INFO]   org.jetbrains.kotlinx:kotlinx-coroutines-rx3 ........ 1.10.2 -> 1.11.0
[INFO]   org.jetbrains.kotlinx:kotlinx-coroutines-slf4j ...... 1.10.2 -> 1.11.0
[INFO]   org.jetbrains.kotlinx:kotlinx-coroutines-swing ...... 1.10.2 -> 1.11.0
[INFO]   org.jetbrains.kotlinx:kotlinx-coroutines-test ....... 1.10.2 -> 1.11.0
[INFO]   org.jetbrains.kotlinx:kotlinx-coroutines-test-jvm ... 1.10.2 -> 1.11.0
[INFO]   org.jetbrains.kotlinx:kotlinx-serialization-cbor ..... 1.9.0 -> 1.11.0
[INFO]   org.jetbrains.kotlinx:kotlinx-serialization-cbor-jvm ...
[INFO]                                                          1.9.0 -> 1.11.0
[INFO]   org.jetbrains.kotlinx:kotlinx-serialization-core ..... 1.9.0 -> 1.11.0
[INFO]   org.jetbrains.kotlinx:kotlinx-serialization-core-jvm ...
[INFO]                                                          1.9.0 -> 1.11.0
[INFO]   org.jetbrains.kotlinx:kotlinx-serialization-hocon .... 1.9.0 -> 1.11.0
[INFO]   org.jetbrains.kotlinx:kotlinx-serialization-json ..... 1.9.0 -> 1.11.0
[INFO]   org.jetbrains.kotlinx:kotlinx-serialization-json-io ...
[INFO]                                                          1.9.0 -> 1.11.0
[INFO]   org.jetbrains.kotlinx:kotlinx-serialization-json-io-jvm ...
[INFO]                                                          1.9.0 -> 1.11.0
[INFO]   org.jetbrains.kotlinx:kotlinx-serialization-json-jvm ...
[INFO]                                                          1.9.0 -> 1.11.0
[INFO]   org.jetbrains.kotlinx:kotlinx-serialization-json-okio ...
[INFO]                                                          1.9.0 -> 1.11.0
[INFO]   org.jetbrains.kotlinx:kotlinx-serialization-json-okio-jvm ...
[INFO]                                                          1.9.0 -> 1.11.0
[INFO]   org.jetbrains.kotlinx:kotlinx-serialization-properties ...
[INFO]                                                          1.9.0 -> 1.11.0
[INFO]   org.jetbrains.kotlinx:kotlinx-serialization-properties-jvm ...
[INFO]                                                          1.9.0 -> 1.11.0
[INFO]   org.jetbrains.kotlinx:kotlinx-serialization-protobuf ...
[INFO]                                                          1.9.0 -> 1.11.0
[INFO]   org.jetbrains.kotlinx:kotlinx-serialization-protobuf-jvm ...
[INFO]                                                          1.9.0 -> 1.11.0
[INFO]   org.jooq:jooq ...................................... 3.19.37 -> 3.21.8
[INFO]   org.jooq:jooq-checker .............................. 3.19.37 -> 3.21.8
[INFO]   org.jooq:jooq-codegen .............................. 3.19.37 -> 3.21.8
[INFO]   org.jooq:jooq-codegen-gradle ....................... 3.19.37 -> 3.21.8
[INFO]   org.jooq:jooq-codegen-maven ........................ 3.19.37 -> 3.21.8
[INFO]   org.jooq:jooq-jackson-extensions ................... 3.19.37 -> 3.21.8
[INFO]   org.jooq:jooq-kotlin ............................... 3.19.37 -> 3.21.8
[INFO]   org.jooq:jooq-kotlin-coroutines .................... 3.19.37 -> 3.21.8
[INFO]   org.jooq:jooq-meta ................................. 3.19.37 -> 3.21.8
[INFO]   org.jooq:jooq-meta-extensions ...................... 3.19.37 -> 3.21.8
[INFO]   org.jooq:jooq-meta-extensions-hibernate ............ 3.19.37 -> 3.21.8
[INFO]   org.jooq:jooq-meta-extensions-liquibase ............ 3.19.37 -> 3.21.8
[INFO]   org.jooq:jooq-meta-kotlin .......................... 3.19.37 -> 3.21.8
[INFO]   org.jooq:jooq-migrations ........................... 3.19.37 -> 3.21.8
[INFO]   org.jooq:jooq-migrations-maven ..................... 3.19.37 -> 3.21.8
[INFO]   org.jooq:jooq-postgres-extensions .................. 3.19.37 -> 3.21.8
[INFO]   org.jooq:jooq-scala_2.13 .......................... 3.19.37 -> 3.19.38
[INFO]   org.jooq:jooq-xtend ................................ 3.19.37 -> 3.21.8
[INFO]   org.junit.jupiter:junit-jupiter ....................... 6.0.3 -> 6.1.3
[INFO]   org.junit.jupiter:junit-jupiter-api ................... 6.0.3 -> 6.1.3
[INFO]   org.junit.jupiter:junit-jupiter-engine ................ 6.0.3 -> 6.1.3
[INFO]   org.junit.jupiter:junit-jupiter-migrationsupport ...... 6.0.3 -> 6.1.3
[INFO]   org.junit.jupiter:junit-jupiter-params ................ 6.0.3 -> 6.1.3
[INFO]   org.junit.platform:junit-platform-commons ............. 6.0.3 -> 6.1.3
[INFO]   org.junit.platform:junit-platform-console ............. 6.0.3 -> 6.1.3
[INFO]   org.junit.platform:junit-platform-engine .............. 6.0.3 -> 6.1.3
[INFO]   org.junit.platform:junit-platform-launcher ............ 6.0.3 -> 6.1.3
[INFO]   org.junit.platform:junit-platform-reporting ........... 6.0.3 -> 6.1.3
[INFO]   org.junit.platform:junit-platform-suite ............... 6.0.3 -> 6.1.3
[INFO]   org.junit.platform:junit-platform-suite-api ........... 6.0.3 -> 6.1.3
[INFO]   org.junit.platform:junit-platform-suite-engine ........ 6.0.3 -> 6.1.3
[INFO]   org.junit.platform:junit-platform-testkit ............. 6.0.3 -> 6.1.3
[INFO]   org.junit.vintage:junit-vintage-engine ................ 6.0.3 -> 6.1.3
[INFO]   org.liquibase:liquibase-cdi ........................... 5.0.3 -> 5.0.4
[INFO]   org.liquibase:liquibase-core .......................... 5.0.3 -> 5.0.4
[INFO]   org.mariadb:r2dbc-mariadb ............................. 1.3.1 -> 1.4.2
[INFO]   org.messaginghub:pooled-jms ........................... 3.1.9 -> 3.2.5
[INFO]   org.mongodb:bson ..................................... 5.6.5 -> 5.11.1
[INFO]   org.mongodb:bson-kotlin .............................. 5.6.5 -> 5.11.1
[INFO]   org.mongodb:bson-kotlinx ............................. 5.6.5 -> 5.11.1
[INFO]   org.mongodb:bson-record-codec ........................ 5.6.5 -> 5.11.1
[INFO]   org.mongodb:mongodb-crypt ............................ 5.6.5 -> 5.11.1
[INFO]   org.mongodb:mongodb-driver-core ...................... 5.6.5 -> 5.11.1
[INFO]   org.mongodb:mongodb-driver-kotlin-coroutine .......... 5.6.5 -> 5.11.1
[INFO]   org.mongodb:mongodb-driver-kotlin-extensions ......... 5.6.5 -> 5.11.1
[INFO]   org.mongodb:mongodb-driver-kotlin-sync ............... 5.6.5 -> 5.11.1
[INFO]   org.mongodb:mongodb-driver-reactivestreams ........... 5.6.5 -> 5.11.1
[INFO]   org.mongodb:mongodb-driver-sync ...................... 5.6.5 -> 5.11.1
[INFO]   org.mongodb.scala:mongo-scala-bson_2.11 .............. 5.6.5 -> 5.11.1
[INFO]   org.mongodb.scala:mongo-scala-bson_2.12 .............. 5.6.5 -> 5.11.1
[INFO]   org.mongodb.scala:mongo-scala-bson_2.13 .............. 5.6.5 -> 5.11.1
[INFO]   org.mongodb.scala:mongo-scala-driver_2.11 ............ 5.6.5 -> 5.11.1
[INFO]   org.mongodb.scala:mongo-scala-driver_2.12 ............ 5.6.5 -> 5.11.1
[INFO]   org.mongodb.scala:mongo-scala-driver_2.13 ............ 5.6.5 -> 5.11.1
[INFO]   org.neo4j.bolt:neo4j-bolt-connection ................ 11.0.2 -> 12.0.0
[INFO]   org.neo4j.bolt:neo4j-bolt-connection-netty .......... 11.0.2 -> 12.0.0
[INFO]   org.neo4j.bolt:neo4j-bolt-connection-pooled ......... 11.0.2 -> 12.0.0
[INFO]   org.neo4j.bolt:neo4j-bolt-connection-query-api ...... 11.0.2 -> 12.0.0
[INFO]   org.neo4j.bolt:neo4j-bolt-connection-routed ......... 11.0.2 -> 12.0.0
[INFO]   org.neo4j.driver:neo4j-java-driver .................... 6.1.0 -> 6.2.1
[INFO]   org.neo4j.driver:neo4j-java-driver-all ................ 6.1.0 -> 6.2.1
[INFO]   org.neo4j.driver:neo4j-java-driver-observation-metrics ...
[INFO]                                                           6.1.0 -> 6.2.1
[INFO]   org.neo4j.driver:neo4j-java-driver-observation-micrometer ...
[INFO]                                                           6.1.0 -> 6.2.1
[INFO]   org.projectlombok:lombok .......................... 1.18.46 -> 1.18.48
[INFO]   org.seleniumhq.selenium:htmlunit3-driver ............ 4.36.1 -> 4.48.0
[INFO]   org.seleniumhq.selenium:selenium-api ................ 4.37.0 -> 4.49.0
[INFO]   org.seleniumhq.selenium:selenium-chrome-driver ...... 4.37.0 -> 4.49.0
[INFO]   org.seleniumhq.selenium:selenium-chromium-driver .... 4.37.0 -> 4.49.0
[INFO]   org.seleniumhq.selenium:selenium-devtools-v140 ...... 4.37.0 -> 4.38.0
[INFO]   org.seleniumhq.selenium:selenium-devtools-v141 ...... 4.37.0 -> 4.39.0
[INFO]   org.seleniumhq.selenium:selenium-edge-driver ........ 4.37.0 -> 4.49.0
[INFO]   org.seleniumhq.selenium:selenium-firefox-driver ..... 4.37.0 -> 4.49.0
[INFO]   org.seleniumhq.selenium:selenium-grid ............... 4.37.0 -> 4.49.0
[INFO]   org.seleniumhq.selenium:selenium-http ............... 4.37.0 -> 4.49.0
[INFO]   org.seleniumhq.selenium:selenium-ie-driver .......... 4.37.0 -> 4.49.0
[INFO]   org.seleniumhq.selenium:selenium-java ............... 4.37.0 -> 4.49.0
[INFO]   org.seleniumhq.selenium:selenium-json ............... 4.37.0 -> 4.49.0
[INFO]   org.seleniumhq.selenium:selenium-manager ............ 4.37.0 -> 4.49.0
[INFO]   org.seleniumhq.selenium:selenium-remote-driver ...... 4.37.0 -> 4.49.0
[INFO]   org.seleniumhq.selenium:selenium-safari-driver ...... 4.37.0 -> 4.49.0
[INFO]   org.seleniumhq.selenium:selenium-session-map-jdbc ... 4.37.0 -> 4.49.0
[INFO]   org.seleniumhq.selenium:selenium-session-map-redis ...
[INFO]                                                         4.37.0 -> 4.49.0
[INFO]   org.seleniumhq.selenium:selenium-support ............ 4.37.0 -> 4.49.0
[INFO]   org.slf4j:jcl-over-slf4j ............................ 2.0.18 -> 2.0.19
[INFO]   org.slf4j:jul-to-slf4j .............................. 2.0.18 -> 2.0.19
[INFO]   org.slf4j:log4j-over-slf4j .......................... 2.0.18 -> 2.0.19
[INFO]   org.slf4j:slf4j-api ................................. 2.0.18 -> 2.0.19
[INFO]   org.slf4j:slf4j-ext ................................. 2.0.18 -> 2.0.19
[INFO]   org.slf4j:slf4j-jdk-platform-logging ................ 2.0.18 -> 2.0.19
[INFO]   org.slf4j:slf4j-jdk14 ............................... 2.0.18 -> 2.0.19
[INFO]   org.slf4j:slf4j-log4j12 ............................. 2.0.18 -> 2.0.19
[INFO]   org.slf4j:slf4j-nop ................................. 2.0.18 -> 2.0.19
[INFO]   org.slf4j:slf4j-reload4j ............................ 2.0.18 -> 2.0.19
[INFO]   org.slf4j:slf4j-simple .............................. 2.0.18 -> 2.0.19
[INFO]   org.springframework.amqp:spring-amqp .................. 4.0.5 -> 4.1.1
[INFO]   org.springframework.amqp:spring-rabbit ................ 4.0.5 -> 4.1.1
[INFO]   org.springframework.amqp:spring-rabbit-junit .......... 4.0.5 -> 4.1.1
[INFO]   org.springframework.amqp:spring-rabbit-stream ......... 4.0.5 -> 4.1.1
[INFO]   org.springframework.amqp:spring-rabbit-test ........... 4.0.5 -> 4.1.1
[INFO]   org.springframework.amqp:spring-rabbitmq-client ....... 4.0.5 -> 4.1.1
[INFO]   org.springframework.boot:spring-boot .................. 4.0.8 -> 4.1.1
[INFO]   org.springframework.boot:spring-boot-activemq ......... 4.0.8 -> 4.1.1
[INFO]   org.springframework.boot:spring-boot-actuator ......... 4.0.8 -> 4.1.1
[INFO]   org.springframework.boot:spring-boot-actuator-autoconfigure ...
[INFO]                                                           4.0.8 -> 4.1.1
[INFO]   org.springframework.boot:spring-boot-amqp ............. 4.0.8 -> 4.1.1
[INFO]   org.springframework.boot:spring-boot-artemis .......... 4.0.8 -> 4.1.1
[INFO]   org.springframework.boot:spring-boot-autoconfigure .... 4.0.8 -> 4.1.1
[INFO]   org.springframework.boot:spring-boot-autoconfigure-classic ...
[INFO]                                                           4.0.8 -> 4.1.1
[INFO]   org.springframework.boot:spring-boot-autoconfigure-classic-modules ...
[INFO]                                                           4.0.8 -> 4.1.1
[INFO]   org.springframework.boot:spring-boot-autoconfigure-processor ...
[INFO]                                                           4.0.8 -> 4.1.1
[INFO]   org.springframework.boot:spring-boot-batch ............ 4.0.8 -> 4.1.1
[INFO]   org.springframework.boot:spring-boot-batch-jdbc ....... 4.0.8 -> 4.1.1
[INFO]   org.springframework.boot:spring-boot-buildpack-platform ...
[INFO]                                                           4.0.8 -> 4.1.1
[INFO]   org.springframework.boot:spring-boot-cache ............ 4.0.8 -> 4.1.1
[INFO]   org.springframework.boot:spring-boot-cache-test ....... 4.0.8 -> 4.1.1
[INFO]   org.springframework.boot:spring-boot-cassandra ........ 4.0.8 -> 4.1.1
[INFO]   org.springframework.boot:spring-boot-cloudfoundry ..... 4.0.8 -> 4.1.1
[INFO]   org.springframework.boot:spring-boot-configuration-metadata ...
[INFO]                                                           4.0.8 -> 4.1.1
[INFO]   org.springframework.boot:spring-boot-configuration-processor ...
[INFO]                                                           4.0.8 -> 4.1.1
[INFO]   org.springframework.boot:spring-boot-couchbase ........ 4.0.8 -> 4.1.1
[INFO]   org.springframework.boot:spring-boot-data-cassandra ... 4.0.8 -> 4.1.1
[INFO]   org.springframework.boot:spring-boot-data-cassandra-test ...
[INFO]                                                           4.0.8 -> 4.1.1
[INFO]   org.springframework.boot:spring-boot-data-commons ..... 4.0.8 -> 4.1.1
[INFO]   org.springframework.boot:spring-boot-data-couchbase ... 4.0.8 -> 4.1.1
[INFO]   org.springframework.boot:spring-boot-data-couchbase-test ...
[INFO]                                                           4.0.8 -> 4.1.1
[INFO]   org.springframework.boot:spring-boot-data-elasticsearch ...
[INFO]                                                           4.0.8 -> 4.1.1
[INFO]   org.springframework.boot:spring-boot-data-elasticsearch-test ...
[INFO]                                                           4.0.8 -> 4.1.1
[INFO]   org.springframework.boot:spring-boot-data-jdbc ........ 4.0.8 -> 4.1.1
[INFO]   org.springframework.boot:spring-boot-data-jdbc-test ... 4.0.8 -> 4.1.1
[INFO]   org.springframework.boot:spring-boot-data-jpa ......... 4.0.8 -> 4.1.1
[INFO]   org.springframework.boot:spring-boot-data-jpa-test .... 4.0.8 -> 4.1.1
[INFO]   org.springframework.boot:spring-boot-data-ldap ........ 4.0.8 -> 4.1.1
[INFO]   org.springframework.boot:spring-boot-data-ldap-test ... 4.0.8 -> 4.1.1
[INFO]   org.springframework.boot:spring-boot-data-mongodb ..... 4.0.8 -> 4.1.1
[INFO]   org.springframework.boot:spring-boot-data-mongodb-test ...
[INFO]                                                           4.0.8 -> 4.1.1
[INFO]   org.springframework.boot:spring-boot-data-neo4j ....... 4.0.8 -> 4.1.1
[INFO]   org.springframework.boot:spring-boot-data-neo4j-test ...
[INFO]                                                           4.0.8 -> 4.1.1
[INFO]   org.springframework.boot:spring-boot-data-r2dbc ....... 4.0.8 -> 4.1.1
[INFO]   org.springframework.boot:spring-boot-data-r2dbc-test ...
[INFO]                                                           4.0.8 -> 4.1.1
[INFO]   org.springframework.boot:spring-boot-data-redis ....... 4.0.8 -> 4.1.1
[INFO]   org.springframework.boot:spring-boot-data-redis-test ...
[INFO]                                                           4.0.8 -> 4.1.1
[INFO]   org.springframework.boot:spring-boot-data-rest ........ 4.0.8 -> 4.1.1
[INFO]   org.springframework.boot:spring-boot-devtools ......... 4.0.8 -> 4.1.1
[INFO]   org.springframework.boot:spring-boot-docker-compose ... 4.0.8 -> 4.1.1
[INFO]   org.springframework.boot:spring-boot-elasticsearch .... 4.0.8 -> 4.1.1
[INFO]   org.springframework.boot:spring-boot-flyway ........... 4.0.8 -> 4.1.1
[INFO]   org.springframework.boot:spring-boot-freemarker ....... 4.0.8 -> 4.1.1
[INFO]   org.springframework.boot:spring-boot-graphql .......... 4.0.8 -> 4.1.1
[INFO]   org.springframework.boot:spring-boot-graphql-test ..... 4.0.8 -> 4.1.1
[INFO]   org.springframework.boot:spring-boot-groovy-templates ...
[INFO]                                                           4.0.8 -> 4.1.1
[INFO]   org.springframework.boot:spring-boot-gson ............. 4.0.8 -> 4.1.1
[INFO]   org.springframework.boot:spring-boot-h2console ........ 4.0.8 -> 4.1.1
[INFO]   org.springframework.boot:spring-boot-hateoas .......... 4.0.8 -> 4.1.1
[INFO]   org.springframework.boot:spring-boot-hazelcast ........ 4.0.8 -> 4.1.1
[INFO]   org.springframework.boot:spring-boot-health ........... 4.0.8 -> 4.1.1
[INFO]   org.springframework.boot:spring-boot-hibernate ........ 4.0.8 -> 4.1.1
[INFO]   org.springframework.boot:spring-boot-http-client ...... 4.0.8 -> 4.1.1
[INFO]   org.springframework.boot:spring-boot-http-codec ....... 4.0.8 -> 4.1.1
[INFO]   org.springframework.boot:spring-boot-http-converter ... 4.0.8 -> 4.1.1
[INFO]   org.springframework.boot:spring-boot-integration ...... 4.0.8 -> 4.1.1
[INFO]   org.springframework.boot:spring-boot-jackson .......... 4.0.8 -> 4.1.1
[INFO]   org.springframework.boot:spring-boot-jackson2 ......... 4.0.8 -> 4.1.1
[INFO]   org.springframework.boot:spring-boot-jarmode-tools .... 4.0.8 -> 4.1.1
[INFO]   org.springframework.boot:spring-boot-jdbc ............. 4.0.8 -> 4.1.1
[INFO]   org.springframework.boot:spring-boot-jdbc-test ........ 4.0.8 -> 4.1.1
[INFO]   org.springframework.boot:spring-boot-jersey ........... 4.0.8 -> 4.1.1
[INFO]   org.springframework.boot:spring-boot-jetty ............ 4.0.8 -> 4.1.1
[INFO]   org.springframework.boot:spring-boot-jms .............. 4.0.8 -> 4.1.1
[INFO]   org.springframework.boot:spring-boot-jooq ............. 4.0.8 -> 4.1.1
[INFO]   org.springframework.boot:spring-boot-jooq-test ........ 4.0.8 -> 4.1.1
[INFO]   org.springframework.boot:spring-boot-jpa .............. 4.0.8 -> 4.1.1
[INFO]   org.springframework.boot:spring-boot-jpa-test ......... 4.0.8 -> 4.1.1
[INFO]   org.springframework.boot:spring-boot-jsonb ............ 4.0.8 -> 4.1.1
[INFO]   org.springframework.boot:spring-boot-kafka ............ 4.0.8 -> 4.1.1
[INFO]   org.springframework.boot:spring-boot-kotlinx-serialization-json ...
[INFO]                                                           4.0.8 -> 4.1.1
[INFO]   org.springframework.boot:spring-boot-ldap ............. 4.0.8 -> 4.1.1
[INFO]   org.springframework.boot:spring-boot-liquibase ........ 4.0.8 -> 4.1.1
[INFO]   org.springframework.boot:spring-boot-loader ........... 4.0.8 -> 4.1.1
[INFO]   org.springframework.boot:spring-boot-mail ............. 4.0.8 -> 4.1.1
[INFO]   org.springframework.boot:spring-boot-micrometer-metrics ...
[INFO]                                                           4.0.8 -> 4.1.1
[INFO]   org.springframework.boot:spring-boot-micrometer-metrics-test ...
[INFO]                                                           4.0.8 -> 4.1.1
[INFO]   org.springframework.boot:spring-boot-micrometer-observation ...
[INFO]                                                           4.0.8 -> 4.1.1
[INFO]   org.springframework.boot:spring-boot-micrometer-tracing ...
[INFO]                                                           4.0.8 -> 4.1.1
[INFO]   org.springframework.boot:spring-boot-micrometer-tracing-brave ...
[INFO]                                                           4.0.8 -> 4.1.1
[INFO]   org.springframework.boot:spring-boot-micrometer-tracing-opentelemetry ...
[INFO]                                                           4.0.8 -> 4.1.1
[INFO]   org.springframework.boot:spring-boot-micrometer-tracing-test ...
[INFO]                                                           4.0.8 -> 4.1.1
[INFO]   org.springframework.boot:spring-boot-mongodb .......... 4.0.8 -> 4.1.1
[INFO]   org.springframework.boot:spring-boot-mustache ......... 4.0.8 -> 4.1.1
[INFO]   org.springframework.boot:spring-boot-neo4j ............ 4.0.8 -> 4.1.1
[INFO]   org.springframework.boot:spring-boot-netty ............ 4.0.8 -> 4.1.1
[INFO]   org.springframework.boot:spring-boot-opentelemetry .... 4.0.8 -> 4.1.1
[INFO]   org.springframework.boot:spring-boot-persistence ...... 4.0.8 -> 4.1.1
[INFO]   org.springframework.boot:spring-boot-properties-migrator ...
[INFO]                                                           4.0.8 -> 4.1.1
[INFO]   org.springframework.boot:spring-boot-pulsar ........... 4.0.8 -> 4.1.1
[INFO]   org.springframework.boot:spring-boot-quartz ........... 4.0.8 -> 4.1.1
[INFO]   org.springframework.boot:spring-boot-r2dbc ............ 4.0.8 -> 4.1.1
[INFO]   org.springframework.boot:spring-boot-reactor .......... 4.0.8 -> 4.1.1
[INFO]   org.springframework.boot:spring-boot-reactor-netty .... 4.0.8 -> 4.1.1
[INFO]   org.springframework.boot:spring-boot-restclient ....... 4.0.8 -> 4.1.1
[INFO]   org.springframework.boot:spring-boot-restclient-test ...
[INFO]                                                           4.0.8 -> 4.1.1
[INFO]   org.springframework.boot:spring-boot-restdocs ......... 4.0.8 -> 4.1.1
[INFO]   org.springframework.boot:spring-boot-resttestclient ... 4.0.8 -> 4.1.1
[INFO]   org.springframework.boot:spring-boot-rsocket .......... 4.0.8 -> 4.1.1
[INFO]   org.springframework.boot:spring-boot-rsocket-test ..... 4.0.8 -> 4.1.1
[INFO]   org.springframework.boot:spring-boot-security ......... 4.0.8 -> 4.1.1
[INFO]   org.springframework.boot:spring-boot-security-oauth2-authorization-server ...
[INFO]                                                           4.0.8 -> 4.1.1
[INFO]   org.springframework.boot:spring-boot-security-oauth2-client ...
[INFO]                                                           4.0.8 -> 4.1.1
[INFO]   org.springframework.boot:spring-boot-security-oauth2-resource-server ...
[INFO]                                                           4.0.8 -> 4.1.1
[INFO]   org.springframework.boot:spring-boot-security-saml2 ... 4.0.8 -> 4.1.1
[INFO]   org.springframework.boot:spring-boot-security-test .... 4.0.8 -> 4.1.1
[INFO]   org.springframework.boot:spring-boot-sendgrid ......... 4.0.8 -> 4.1.1
[INFO]   org.springframework.boot:spring-boot-servlet .......... 4.0.8 -> 4.1.1
[INFO]   org.springframework.boot:spring-boot-session .......... 4.0.8 -> 4.1.1
[INFO]   org.springframework.boot:spring-boot-session-data-redis ...
[INFO]                                                           4.0.8 -> 4.1.1
[INFO]   org.springframework.boot:spring-boot-session-jdbc ..... 4.0.8 -> 4.1.1
[INFO]   org.springframework.boot:spring-boot-sql .............. 4.0.8 -> 4.1.1
[INFO]   org.springframework.boot:spring-boot-starter .......... 4.0.8 -> 4.1.1
[INFO]   org.springframework.boot:spring-boot-starter-activemq ...
[INFO]                                                           4.0.8 -> 4.1.1
[INFO]   org.springframework.boot:spring-boot-starter-activemq-test ...
[INFO]                                                           4.0.8 -> 4.1.1
[INFO]   org.springframework.boot:spring-boot-starter-actuator ...
[INFO]                                                           4.0.8 -> 4.1.1
[INFO]   org.springframework.boot:spring-boot-starter-actuator-test ...
[INFO]                                                           4.0.8 -> 4.1.1
[INFO]   org.springframework.boot:spring-boot-starter-amqp ..... 4.0.8 -> 4.1.1
[INFO]   org.springframework.boot:spring-boot-starter-amqp-test ...
[INFO]                                                           4.0.8 -> 4.1.1
[INFO]   org.springframework.boot:spring-boot-starter-artemis ...
[INFO]                                                           4.0.8 -> 4.1.1
[INFO]   org.springframework.boot:spring-boot-starter-artemis-test ...
[INFO]                                                           4.0.8 -> 4.1.1
[INFO]   org.springframework.boot:spring-boot-starter-aspectj ...
[INFO]                                                           4.0.8 -> 4.1.1
[INFO]   org.springframework.boot:spring-boot-starter-aspectj-test ...
[INFO]                                                           4.0.8 -> 4.1.1
[INFO]   org.springframework.boot:spring-boot-starter-batch .... 4.0.8 -> 4.1.1
[INFO]   org.springframework.boot:spring-boot-starter-batch-jdbc ...
[INFO]                                                           4.0.8 -> 4.1.1
[INFO]   org.springframework.boot:spring-boot-starter-batch-jdbc-test ...
[INFO]                                                           4.0.8 -> 4.1.1
[INFO]   org.springframework.boot:spring-boot-starter-batch-test ...
[INFO]                                                           4.0.8 -> 4.1.1
[INFO]   org.springframework.boot:spring-boot-starter-cache .... 4.0.8 -> 4.1.1
[INFO]   org.springframework.boot:spring-boot-starter-cache-test ...
[INFO]                                                           4.0.8 -> 4.1.1
[INFO]   org.springframework.boot:spring-boot-starter-cassandra ...
[INFO]                                                           4.0.8 -> 4.1.1
[INFO]   org.springframework.boot:spring-boot-starter-cassandra-test ...
[INFO]                                                           4.0.8 -> 4.1.1
[INFO]   org.springframework.boot:spring-boot-starter-classic ...
[INFO]                                                           4.0.8 -> 4.1.1
[INFO]   org.springframework.boot:spring-boot-starter-cloudfoundry ...
[INFO]                                                           4.0.8 -> 4.1.1
[INFO]   org.springframework.boot:spring-boot-starter-cloudfoundry-test ...
[INFO]                                                           4.0.8 -> 4.1.1
[INFO]   org.springframework.boot:spring-boot-starter-couchbase ...
[INFO]                                                           4.0.8 -> 4.1.1
[INFO]   org.springframework.boot:spring-boot-starter-couchbase-test ...
[INFO]                                                           4.0.8 -> 4.1.1
[INFO]   org.springframework.boot:spring-boot-starter-data-cassandra ...
[INFO]                                                           4.0.8 -> 4.1.1
[INFO]   org.springframework.boot:spring-boot-starter-data-cassandra-reactive ...
[INFO]                                                           4.0.8 -> 4.1.1
[INFO]   org.springframework.boot:spring-boot-starter-data-cassandra-reactive-test ...
[INFO]                                                           4.0.8 -> 4.1.1
[INFO]   org.springframework.boot:spring-boot-starter-data-cassandra-test ...
[INFO]                                                           4.0.8 -> 4.1.1
[INFO]   org.springframework.boot:spring-boot-starter-data-couchbase ...
[INFO]                                                           4.0.8 -> 4.1.1
[INFO]   org.springframework.boot:spring-boot-starter-data-couchbase-reactive ...
[INFO]                                                           4.0.8 -> 4.1.1
[INFO]   org.springframework.boot:spring-boot-starter-data-couchbase-reactive-test ...
[INFO]                                                           4.0.8 -> 4.1.1
[INFO]   org.springframework.boot:spring-boot-starter-data-couchbase-test ...
[INFO]                                                           4.0.8 -> 4.1.1
[INFO]   org.springframework.boot:spring-boot-starter-data-elasticsearch ...
[INFO]                                                           4.0.8 -> 4.1.1
[INFO]   org.springframework.boot:spring-boot-starter-data-elasticsearch-test ...
[INFO]                                                           4.0.8 -> 4.1.1
[INFO]   org.springframework.boot:spring-boot-starter-data-jdbc ...
[INFO]                                                           4.0.8 -> 4.1.1
[INFO]   org.springframework.boot:spring-boot-starter-data-jdbc-test ...
[INFO]                                                           4.0.8 -> 4.1.1
[INFO]   org.springframework.boot:spring-boot-starter-data-jpa ...
[INFO]                                                           4.0.8 -> 4.1.1
[INFO]   org.springframework.boot:spring-boot-starter-data-jpa-test ...
[INFO]                                                           4.0.8 -> 4.1.1
[INFO]   org.springframework.boot:spring-boot-starter-data-ldap ...
[INFO]                                                           4.0.8 -> 4.1.1
[INFO]   org.springframework.boot:spring-boot-starter-data-ldap-test ...
[INFO]                                                           4.0.8 -> 4.1.1
[INFO]   org.springframework.boot:spring-boot-starter-data-mongodb ...
[INFO]                                                           4.0.8 -> 4.1.1
[INFO]   org.springframework.boot:spring-boot-starter-data-mongodb-reactive ...
[INFO]                                                           4.0.8 -> 4.1.1
[INFO]   org.springframework.boot:spring-boot-starter-data-mongodb-reactive-test ...
[INFO]                                                           4.0.8 -> 4.1.1
[INFO]   org.springframework.boot:spring-boot-starter-data-mongodb-test ...
[INFO]                                                           4.0.8 -> 4.1.1
[INFO]   org.springframework.boot:spring-boot-starter-data-neo4j ...
[INFO]                                                           4.0.8 -> 4.1.1
[INFO]   org.springframework.boot:spring-boot-starter-data-neo4j-test ...
[INFO]                                                           4.0.8 -> 4.1.1
[INFO]   org.springframework.boot:spring-boot-starter-data-r2dbc ...
[INFO]                                                           4.0.8 -> 4.1.1
[INFO]   org.springframework.boot:spring-boot-starter-data-r2dbc-test ...
[INFO]                                                           4.0.8 -> 4.1.1
[INFO]   org.springframework.boot:spring-boot-starter-data-redis ...
[INFO]                                                           4.0.8 -> 4.1.1
[INFO]   org.springframework.boot:spring-boot-starter-data-redis-reactive ...
[INFO]                                                           4.0.8 -> 4.1.1
[INFO]   org.springframework.boot:spring-boot-starter-data-redis-reactive-test ...
[INFO]                                                           4.0.8 -> 4.1.1
[INFO]   org.springframework.boot:spring-boot-starter-data-redis-test ...
[INFO]                                                           4.0.8 -> 4.1.1
[INFO]   org.springframework.boot:spring-boot-starter-data-rest ...
[INFO]                                                           4.0.8 -> 4.1.1
[INFO]   org.springframework.boot:spring-boot-starter-data-rest-test ...
[INFO]                                                           4.0.8 -> 4.1.1
[INFO]   org.springframework.boot:spring-boot-starter-elasticsearch ...
[INFO]                                                           4.0.8 -> 4.1.1
[INFO]   org.springframework.boot:spring-boot-starter-elasticsearch-test ...
[INFO]                                                           4.0.8 -> 4.1.1
[INFO]   org.springframework.boot:spring-boot-starter-flyway ... 4.0.8 -> 4.1.1
[INFO]   org.springframework.boot:spring-boot-starter-flyway-test ...
[INFO]                                                           4.0.8 -> 4.1.1
[INFO]   org.springframework.boot:spring-boot-starter-freemarker ...
[INFO]                                                           4.0.8 -> 4.1.1
[INFO]   org.springframework.boot:spring-boot-starter-freemarker-test ...
[INFO]                                                           4.0.8 -> 4.1.1
[INFO]   org.springframework.boot:spring-boot-starter-graphql ...
[INFO]                                                           4.0.8 -> 4.1.1
[INFO]   org.springframework.boot:spring-boot-starter-graphql-test ...
[INFO]                                                           4.0.8 -> 4.1.1
[INFO]   org.springframework.boot:spring-boot-starter-groovy-templates ...
[INFO]                                                           4.0.8 -> 4.1.1
[INFO]   org.springframework.boot:spring-boot-starter-groovy-templates-test ...
[INFO]                                                           4.0.8 -> 4.1.1
[INFO]   org.springframework.boot:spring-boot-starter-gson ..... 4.0.8 -> 4.1.1
[INFO]   org.springframework.boot:spring-boot-starter-gson-test ...
[INFO]                                                           4.0.8 -> 4.1.1
[INFO]   org.springframework.boot:spring-boot-starter-hateoas ...
[INFO]                                                           4.0.8 -> 4.1.1
[INFO]   org.springframework.boot:spring-boot-starter-hateoas-test ...
[INFO]                                                           4.0.8 -> 4.1.1
[INFO]   org.springframework.boot:spring-boot-starter-hazelcast ...
[INFO]                                                           4.0.8 -> 4.1.1
[INFO]   org.springframework.boot:spring-boot-starter-hazelcast-test ...
[INFO]                                                           4.0.8 -> 4.1.1
[INFO]   org.springframework.boot:spring-boot-starter-integration ...
[INFO]                                                           4.0.8 -> 4.1.1
[INFO]   org.springframework.boot:spring-boot-starter-integration-test ...
[INFO]                                                           4.0.8 -> 4.1.1
[INFO]   org.springframework.boot:spring-boot-starter-jackson ...
[INFO]                                                           4.0.8 -> 4.1.1
[INFO]   org.springframework.boot:spring-boot-starter-jackson-test ...
[INFO]                                                           4.0.8 -> 4.1.1
[INFO]   org.springframework.boot:spring-boot-starter-jdbc ..... 4.0.8 -> 4.1.1
[INFO]   org.springframework.boot:spring-boot-starter-jdbc-test ...
[INFO]                                                           4.0.8 -> 4.1.1
[INFO]   org.springframework.boot:spring-boot-starter-jersey ... 4.0.8 -> 4.1.1
[INFO]   org.springframework.boot:spring-boot-starter-jersey-test ...
[INFO]                                                           4.0.8 -> 4.1.1
[INFO]   org.springframework.boot:spring-boot-starter-jetty .... 4.0.8 -> 4.1.1
[INFO]   org.springframework.boot:spring-boot-starter-jetty-runtime ...
[INFO]                                                           4.0.8 -> 4.1.1
[INFO]   org.springframework.boot:spring-boot-starter-jms ...... 4.0.8 -> 4.1.1
[INFO]   org.springframework.boot:spring-boot-starter-jms-test ...
[INFO]                                                           4.0.8 -> 4.1.1
[INFO]   org.springframework.boot:spring-boot-starter-jooq ..... 4.0.8 -> 4.1.1
[INFO]   org.springframework.boot:spring-boot-starter-jooq-test ...
[INFO]                                                           4.0.8 -> 4.1.1
[INFO]   org.springframework.boot:spring-boot-starter-json ..... 4.0.8 -> 4.1.1
[INFO]   org.springframework.boot:spring-boot-starter-jsonb .... 4.0.8 -> 4.1.1
[INFO]   org.springframework.boot:spring-boot-starter-jsonb-test ...
[INFO]                                                           4.0.8 -> 4.1.1
[INFO]   org.springframework.boot:spring-boot-starter-kafka .... 4.0.8 -> 4.1.1
[INFO]   org.springframework.boot:spring-boot-starter-kafka-test ...
[INFO]                                                           4.0.8 -> 4.1.1
[INFO]   org.springframework.boot:spring-boot-starter-kotlinx-serialization-json ...
[INFO]                                                           4.0.8 -> 4.1.1
[INFO]   org.springframework.boot:spring-boot-starter-kotlinx-serialization-json-test ...
[INFO]                                                           4.0.8 -> 4.1.1
[INFO]   org.springframework.boot:spring-boot-starter-ldap ..... 4.0.8 -> 4.1.1
[INFO]   org.springframework.boot:spring-boot-starter-ldap-test ...
[INFO]                                                           4.0.8 -> 4.1.1
[INFO]   org.springframework.boot:spring-boot-starter-liquibase ...
[INFO]                                                           4.0.8 -> 4.1.1
[INFO]   org.springframework.boot:spring-boot-starter-liquibase-test ...
[INFO]                                                           4.0.8 -> 4.1.1
[INFO]   org.springframework.boot:spring-boot-starter-log4j2 ... 4.0.8 -> 4.1.1
[INFO]   org.springframework.boot:spring-boot-starter-logback ...
[INFO]                                                           4.0.8 -> 4.1.1
[INFO]   org.springframework.boot:spring-boot-starter-logging ...
[INFO]                                                           4.0.8 -> 4.1.1
[INFO]   org.springframework.boot:spring-boot-starter-mail ..... 4.0.8 -> 4.1.1
[INFO]   org.springframework.boot:spring-boot-starter-mail-test ...
[INFO]                                                           4.0.8 -> 4.1.1
[INFO]   org.springframework.boot:spring-boot-starter-micrometer-metrics ...
[INFO]                                                           4.0.8 -> 4.1.1
[INFO]   org.springframework.boot:spring-boot-starter-micrometer-metrics-test ...
[INFO]                                                           4.0.8 -> 4.1.1
[INFO]   org.springframework.boot:spring-boot-starter-mongodb ...
[INFO]                                                           4.0.8 -> 4.1.1
[INFO]   org.springframework.boot:spring-boot-starter-mongodb-test ...
[INFO]                                                           4.0.8 -> 4.1.1
[INFO]   org.springframework.boot:spring-boot-starter-mustache ...
[INFO]                                                           4.0.8 -> 4.1.1
[INFO]   org.springframework.boot:spring-boot-starter-mustache-test ...
[INFO]                                                           4.0.8 -> 4.1.1
[INFO]   org.springframework.boot:spring-boot-starter-neo4j .... 4.0.8 -> 4.1.1
[INFO]   org.springframework.boot:spring-boot-starter-neo4j-test ...
[INFO]                                                           4.0.8 -> 4.1.1
[INFO]   org.springframework.boot:spring-boot-starter-oauth2-authorization-server ...
[INFO]                                                           4.0.8 -> 4.1.1
[INFO]   org.springframework.boot:spring-boot-starter-oauth2-client ...
[INFO]                                                           4.0.8 -> 4.1.1
[INFO]   org.springframework.boot:spring-boot-starter-oauth2-resource-server ...
[INFO]                                                           4.0.8 -> 4.1.1
[INFO]   org.springframework.boot:spring-boot-starter-opentelemetry ...
[INFO]                                                           4.0.8 -> 4.1.1
[INFO]   org.springframework.boot:spring-boot-starter-opentelemetry-test ...
[INFO]                                                           4.0.8 -> 4.1.1
[INFO]   org.springframework.boot:spring-boot-starter-pulsar ... 4.0.8 -> 4.1.1
[INFO]   org.springframework.boot:spring-boot-starter-pulsar-test ...
[INFO]                                                           4.0.8 -> 4.1.1
[INFO]   org.springframework.boot:spring-boot-starter-quartz ... 4.0.8 -> 4.1.1
[INFO]   org.springframework.boot:spring-boot-starter-quartz-test ...
[INFO]                                                           4.0.8 -> 4.1.1
[INFO]   org.springframework.boot:spring-boot-starter-r2dbc .... 4.0.8 -> 4.1.1
[INFO]   org.springframework.boot:spring-boot-starter-r2dbc-test ...
[INFO]                                                           4.0.8 -> 4.1.1
[INFO]   org.springframework.boot:spring-boot-starter-reactor-netty ...
[INFO]                                                           4.0.8 -> 4.1.1
[INFO]   org.springframework.boot:spring-boot-starter-restclient ...
[INFO]                                                           4.0.8 -> 4.1.1
[INFO]   org.springframework.boot:spring-boot-starter-restclient-test ...
[INFO]                                                           4.0.8 -> 4.1.1
[INFO]   org.springframework.boot:spring-boot-starter-restdocs ...
[INFO]                                                           4.0.8 -> 4.1.1
[INFO]   org.springframework.boot:spring-boot-starter-rsocket ...
[INFO]                                                           4.0.8 -> 4.1.1
[INFO]   org.springframework.boot:spring-boot-starter-rsocket-test ...
[INFO]                                                           4.0.8 -> 4.1.1
[INFO]   org.springframework.boot:spring-boot-starter-security ...
[INFO]                                                           4.0.8 -> 4.1.1
[INFO]   org.springframework.boot:spring-boot-starter-security-oauth2-authorization-server ...
[INFO]                                                           4.0.8 -> 4.1.1
[INFO]   org.springframework.boot:spring-boot-starter-security-oauth2-authorization-server-test ...
[INFO]                                                           4.0.8 -> 4.1.1
[INFO]   org.springframework.boot:spring-boot-starter-security-oauth2-client ...
[INFO]                                                           4.0.8 -> 4.1.1
[INFO]   org.springframework.boot:spring-boot-starter-security-oauth2-client-test ...
[INFO]                                                           4.0.8 -> 4.1.1
[INFO]   org.springframework.boot:spring-boot-starter-security-oauth2-resource-server ...
[INFO]                                                           4.0.8 -> 4.1.1
[INFO]   org.springframework.boot:spring-boot-starter-security-oauth2-resource-server-test ...
[INFO]                                                           4.0.8 -> 4.1.1
[INFO]   org.springframework.boot:spring-boot-starter-security-saml2 ...
[INFO]                                                           4.0.8 -> 4.1.1
[INFO]   org.springframework.boot:spring-boot-starter-security-saml2-test ...
[INFO]                                                           4.0.8 -> 4.1.1
[INFO]   org.springframework.boot:spring-boot-starter-security-test ...
[INFO]                                                           4.0.8 -> 4.1.1
[INFO]   org.springframework.boot:spring-boot-starter-sendgrid ...
[INFO]                                                           4.0.8 -> 4.1.1
[INFO]   org.springframework.boot:spring-boot-starter-sendgrid-test ...
[INFO]                                                           4.0.8 -> 4.1.1
[INFO]   org.springframework.boot:spring-boot-starter-session-data-redis ...
[INFO]                                                           4.0.8 -> 4.1.1
[INFO]   org.springframework.boot:spring-boot-starter-session-data-redis-test ...
[INFO]                                                           4.0.8 -> 4.1.1
[INFO]   org.springframework.boot:spring-boot-starter-session-jdbc ...
[INFO]                                                           4.0.8 -> 4.1.1
[INFO]   org.springframework.boot:spring-boot-starter-session-jdbc-test ...
[INFO]                                                           4.0.8 -> 4.1.1
[INFO]   org.springframework.boot:spring-boot-starter-test ..... 4.0.8 -> 4.1.1
[INFO]   org.springframework.boot:spring-boot-starter-test-classic ...
[INFO]                                                           4.0.8 -> 4.1.1
[INFO]   org.springframework.boot:spring-boot-starter-thymeleaf ...
[INFO]                                                           4.0.8 -> 4.1.1
[INFO]   org.springframework.boot:spring-boot-starter-thymeleaf-test ...
[INFO]                                                           4.0.8 -> 4.1.1
[INFO]   org.springframework.boot:spring-boot-starter-tomcat ... 4.0.8 -> 4.1.1
[INFO]   org.springframework.boot:spring-boot-starter-tomcat-runtime ...
[INFO]                                                           4.0.8 -> 4.1.1
[INFO]   org.springframework.boot:spring-boot-starter-validation ...
[INFO]                                                           4.0.8 -> 4.1.1
[INFO]   org.springframework.boot:spring-boot-starter-validation-test ...
[INFO]                                                           4.0.8 -> 4.1.1
[INFO]   org.springframework.boot:spring-boot-starter-web ...... 4.0.8 -> 4.1.1
[INFO]   org.springframework.boot:spring-boot-starter-web-services ...
[INFO]                                                           4.0.8 -> 4.1.1
[INFO]   org.springframework.boot:spring-boot-starter-webclient ...
[INFO]                                                           4.0.8 -> 4.1.1
[INFO]   org.springframework.boot:spring-boot-starter-webclient-test ...
[INFO]                                                           4.0.8 -> 4.1.1
[INFO]   org.springframework.boot:spring-boot-starter-webflux ...
[INFO]                                                           4.0.8 -> 4.1.1
[INFO]   org.springframework.boot:spring-boot-starter-webflux-test ...
[INFO]                                                           4.0.8 -> 4.1.1
[INFO]   org.springframework.boot:spring-boot-starter-webmvc ... 4.0.8 -> 4.1.1
[INFO]   org.springframework.boot:spring-boot-starter-webmvc-test ...
[INFO]                                                           4.0.8 -> 4.1.1
[INFO]   org.springframework.boot:spring-boot-starter-webservices ...
[INFO]                                                           4.0.8 -> 4.1.1
[INFO]   org.springframework.boot:spring-boot-starter-webservices-test ...
[INFO]                                                           4.0.8 -> 4.1.1
[INFO]   org.springframework.boot:spring-boot-starter-websocket ...
[INFO]                                                           4.0.8 -> 4.1.1
[INFO]   org.springframework.boot:spring-boot-starter-websocket-test ...
[INFO]                                                           4.0.8 -> 4.1.1
[INFO]   org.springframework.boot:spring-boot-starter-zipkin ... 4.0.8 -> 4.1.1
[INFO]   org.springframework.boot:spring-boot-starter-zipkin-test ...
[INFO]                                                           4.0.8 -> 4.1.1
[INFO]   org.springframework.boot:spring-boot-test ............. 4.0.8 -> 4.1.1
[INFO]   org.springframework.boot:spring-boot-test-autoconfigure ...
[INFO]                                                           4.0.8 -> 4.1.1
[INFO]   org.springframework.boot:spring-boot-test-classic-modules ...
[INFO]                                                           4.0.8 -> 4.1.1
[INFO]   org.springframework.boot:spring-boot-testcontainers ... 4.0.8 -> 4.1.1
[INFO]   org.springframework.boot:spring-boot-thymeleaf ........ 4.0.8 -> 4.1.1
[INFO]   org.springframework.boot:spring-boot-tomcat ........... 4.0.8 -> 4.1.1
[INFO]   org.springframework.boot:spring-boot-transaction ...... 4.0.8 -> 4.1.1
[INFO]   org.springframework.boot:spring-boot-validation ....... 4.0.8 -> 4.1.1
[INFO]   org.springframework.boot:spring-boot-web-server ....... 4.0.8 -> 4.1.1
[INFO]   org.springframework.boot:spring-boot-webclient ........ 4.0.8 -> 4.1.1
[INFO]   org.springframework.boot:spring-boot-webclient-test ... 4.0.8 -> 4.1.1
[INFO]   org.springframework.boot:spring-boot-webflux .......... 4.0.8 -> 4.1.1
[INFO]   org.springframework.boot:spring-boot-webflux-test ..... 4.0.8 -> 4.1.1
[INFO]   org.springframework.boot:spring-boot-webmvc ........... 4.0.8 -> 4.1.1
[INFO]   org.springframework.boot:spring-boot-webmvc-test ...... 4.0.8 -> 4.1.1
[INFO]   org.springframework.boot:spring-boot-webservices ...... 4.0.8 -> 4.1.1
[INFO]   org.springframework.boot:spring-boot-webservices-test ...
[INFO]                                                           4.0.8 -> 4.1.1
[INFO]   org.springframework.boot:spring-boot-websocket ........ 4.0.8 -> 4.1.1
[INFO]   org.springframework.boot:spring-boot-webtestclient .... 4.0.8 -> 4.1.1
[INFO]   org.springframework.boot:spring-boot-zipkin ........... 4.0.8 -> 4.1.1
[INFO]   org.springframework.data:spring-data-cassandra ........ 5.0.7 -> 5.1.1
[INFO]   org.springframework.data:spring-data-commons .......... 4.0.7 -> 4.1.1
[INFO]   org.springframework.data:spring-data-couchbase ........ 6.0.7 -> 6.1.1
[INFO]   org.springframework.data:spring-data-elasticsearch .... 6.0.7 -> 6.1.1
[INFO]   org.springframework.data:spring-data-envers ........... 4.0.7 -> 4.1.1
[INFO]   org.springframework.data:spring-data-jdbc ............. 4.0.7 -> 4.1.1
[INFO]   org.springframework.data:spring-data-jpa .............. 4.0.7 -> 4.1.1
[INFO]   org.springframework.data:spring-data-keyvalue ......... 4.0.7 -> 4.1.1
[INFO]   org.springframework.data:spring-data-ldap ............. 4.0.7 -> 4.1.1
[INFO]   org.springframework.data:spring-data-mongodb .......... 5.0.7 -> 5.1.1
[INFO]   org.springframework.data:spring-data-neo4j ............ 8.0.7 -> 8.1.1
[INFO]   org.springframework.data:spring-data-r2dbc ............ 4.0.7 -> 4.1.1
[INFO]   org.springframework.data:spring-data-redis ............ 4.0.7 -> 4.1.1
[INFO]   org.springframework.data:spring-data-relational ....... 4.0.7 -> 4.1.1
[INFO]   org.springframework.data:spring-data-rest-core ........ 5.0.7 -> 5.1.1
[INFO]   org.springframework.data:spring-data-rest-hal-explorer ...
[INFO]                                                           5.0.7 -> 5.1.1
[INFO]   org.springframework.data:spring-data-rest-webmvc ...... 5.0.7 -> 5.1.1
[INFO]   org.springframework.hateoas:spring-hateoas ............ 3.0.5 -> 3.1.2
[INFO]   org.springframework.integration:spring-integration-amqp ...
[INFO]                                                           7.0.6 -> 7.1.1
[INFO]   org.springframework.integration:spring-integration-camel ...
[INFO]                                                           7.0.6 -> 7.1.1
[INFO]   org.springframework.integration:spring-integration-cassandra ...
[INFO]                                                           7.0.6 -> 7.1.1
[INFO]   org.springframework.integration:spring-integration-core ...
[INFO]                                                           7.0.6 -> 7.1.1
[INFO]   org.springframework.integration:spring-integration-debezium ...
[INFO]                                                           7.0.6 -> 7.1.1
[INFO]   org.springframework.integration:spring-integration-event ...
[INFO]                                                           7.0.6 -> 7.1.1
[INFO]   org.springframework.integration:spring-integration-feed ...
[INFO]                                                           7.0.6 -> 7.1.1
[INFO]   org.springframework.integration:spring-integration-file ...
[INFO]                                                           7.0.6 -> 7.1.1
[INFO]   org.springframework.integration:spring-integration-ftp ...
[INFO]                                                           7.0.6 -> 7.1.1
[INFO]   org.springframework.integration:spring-integration-graphql ...
[INFO]                                                           7.0.6 -> 7.1.1
[INFO]   org.springframework.integration:spring-integration-groovy ...
[INFO]                                                           7.0.6 -> 7.1.1
[INFO]   org.springframework.integration:spring-integration-hazelcast ...
[INFO]                                                           7.0.6 -> 7.1.1
[INFO]   org.springframework.integration:spring-integration-http ...
[INFO]                                                           7.0.6 -> 7.1.1
[INFO]   org.springframework.integration:spring-integration-ip ...
[INFO]                                                           7.0.6 -> 7.1.1
[INFO]   org.springframework.integration:spring-integration-jdbc ...
[INFO]                                                           7.0.6 -> 7.1.1
[INFO]   org.springframework.integration:spring-integration-jms ...
[INFO]                                                           7.0.6 -> 7.1.1
[INFO]   org.springframework.integration:spring-integration-jmx ...
[INFO]                                                           7.0.6 -> 7.1.1
[INFO]   org.springframework.integration:spring-integration-jpa ...
[INFO]                                                           7.0.6 -> 7.1.1
[INFO]   org.springframework.integration:spring-integration-kafka ...
[INFO]                                                           7.0.6 -> 7.1.1
[INFO]   org.springframework.integration:spring-integration-mail ...
[INFO]                                                           7.0.6 -> 7.1.1
[INFO]   org.springframework.integration:spring-integration-mongodb ...
[INFO]                                                           7.0.6 -> 7.1.1
[INFO]   org.springframework.integration:spring-integration-mqtt ...
[INFO]                                                           7.0.6 -> 7.1.1
[INFO]   org.springframework.integration:spring-integration-r2dbc ...
[INFO]                                                           7.0.6 -> 7.1.1
[INFO]   org.springframework.integration:spring-integration-redis ...
[INFO]                                                           7.0.6 -> 7.1.1
[INFO]   org.springframework.integration:spring-integration-rsocket ...
[INFO]                                                           7.0.6 -> 7.1.1
[INFO]   org.springframework.integration:spring-integration-scripting ...
[INFO]                                                           7.0.6 -> 7.1.1
[INFO]   org.springframework.integration:spring-integration-sftp ...
[INFO]                                                           7.0.6 -> 7.1.1
[INFO]   org.springframework.integration:spring-integration-smb ...
[INFO]                                                           7.0.6 -> 7.1.1
[INFO]   org.springframework.integration:spring-integration-stomp ...
[INFO]                                                           7.0.6 -> 7.1.1
[INFO]   org.springframework.integration:spring-integration-stream ...
[INFO]                                                           7.0.6 -> 7.1.1
[INFO]   org.springframework.integration:spring-integration-syslog ...
[INFO]                                                           7.0.6 -> 7.1.1
[INFO]   org.springframework.integration:spring-integration-test ...
[INFO]                                                           7.0.6 -> 7.1.1
[INFO]   org.springframework.integration:spring-integration-test-support ...
[INFO]                                                           7.0.6 -> 7.1.1
[INFO]   org.springframework.integration:spring-integration-webflux ...
[INFO]                                                           7.0.6 -> 7.1.1
[INFO]   org.springframework.integration:spring-integration-websocket ...
[INFO]                                                           7.0.6 -> 7.1.1
[INFO]   org.springframework.integration:spring-integration-ws ...
[INFO]                                                           7.0.6 -> 7.1.1
[INFO]   org.springframework.integration:spring-integration-xml ...
[INFO]                                                           7.0.6 -> 7.1.1
[INFO]   org.springframework.integration:spring-integration-xmpp ...
[INFO]                                                           7.0.6 -> 7.1.1
[INFO]   org.springframework.integration:spring-integration-zeromq ...
[INFO]                                                           7.0.6 -> 7.1.1
[INFO]   org.springframework.integration:spring-integration-zip ...
[INFO]                                                           7.0.6 -> 7.1.1
[INFO]   org.springframework.integration:spring-integration-zookeeper ...
[INFO]                                                           7.0.6 -> 7.1.1
[INFO]   org.springframework.kafka:spring-kafka ................ 4.0.7 -> 4.1.1
[INFO]   org.springframework.kafka:spring-kafka-test ........... 4.0.7 -> 4.1.1
[INFO]   org.springframework.ldap:spring-ldap-core ............. 4.0.5 -> 4.1.1
[INFO]   org.springframework.ldap:spring-ldap-ldif-core ........ 4.0.5 -> 4.1.1
[INFO]   org.springframework.ldap:spring-ldap-odm .............. 4.0.5 -> 4.1.1
[INFO]   org.springframework.ldap:spring-ldap-test ............. 4.0.5 -> 4.1.1
[INFO]   org.springframework.security:spring-security-access ... 7.0.7 -> 7.1.1
[INFO]   org.springframework.security:spring-security-acl ...... 7.0.7 -> 7.1.1
[INFO]   org.springframework.security:spring-security-aspects ...
[INFO]                                                           7.0.7 -> 7.1.1
[INFO]   org.springframework.security:spring-security-cas ...... 7.0.7 -> 7.1.1
[INFO]   org.springframework.security:spring-security-config ... 7.0.7 -> 7.1.1
[INFO]   org.springframework.security:spring-security-core ..... 7.0.7 -> 7.1.1
[INFO]   org.springframework.security:spring-security-crypto ... 7.0.7 -> 7.1.1
[INFO]   org.springframework.security:spring-security-data ..... 7.0.7 -> 7.1.1
[INFO]   org.springframework.security:spring-security-kerberos-client ...
[INFO]                                                           7.0.7 -> 7.1.1
[INFO]   org.springframework.security:spring-security-kerberos-core ...
[INFO]                                                           7.0.7 -> 7.1.1
[INFO]   org.springframework.security:spring-security-kerberos-test ...
[INFO]                                                           7.0.7 -> 7.1.1
[INFO]   org.springframework.security:spring-security-kerberos-web ...
[INFO]                                                           7.0.7 -> 7.1.1
[INFO]   org.springframework.security:spring-security-ldap ..... 7.0.7 -> 7.1.1
[INFO]   org.springframework.security:spring-security-messaging ...
[INFO]                                                           7.0.7 -> 7.1.1
[INFO]   org.springframework.security:spring-security-oauth2-authorization-server ...
[INFO]                                                           7.0.7 -> 7.1.1
[INFO]   org.springframework.security:spring-security-oauth2-client ...
[INFO]                                                           7.0.7 -> 7.1.1
[INFO]   org.springframework.security:spring-security-oauth2-core ...
[INFO]                                                           7.0.7 -> 7.1.1
[INFO]   org.springframework.security:spring-security-oauth2-jose ...
[INFO]                                                           7.0.7 -> 7.1.1
[INFO]   org.springframework.security:spring-security-oauth2-resource-server ...
[INFO]                                                           7.0.7 -> 7.1.1
[INFO]   org.springframework.security:spring-security-rsocket ...
[INFO]                                                           7.0.7 -> 7.1.1
[INFO]   org.springframework.security:spring-security-saml2-service-provider ...
[INFO]                                                           7.0.7 -> 7.1.1
[INFO]   org.springframework.security:spring-security-taglibs ...
[INFO]                                                           7.0.7 -> 7.1.1
[INFO]   org.springframework.security:spring-security-test ..... 7.0.7 -> 7.1.1
[INFO]   org.springframework.security:spring-security-web ...... 7.0.7 -> 7.1.1
[INFO]   org.springframework.security:spring-security-webauthn ...
[INFO]                                                           7.0.7 -> 7.1.1
[INFO]   org.springframework.session:spring-session-core ....... 4.0.5 -> 4.1.1
[INFO]   org.springframework.session:spring-session-data-redis ...
[INFO]                                                           4.0.5 -> 4.1.1
[INFO]   org.springframework.session:spring-session-jdbc ....... 4.0.5 -> 4.1.1
[INFO]   org.xerial:sqlite-jdbc .......................... 3.50.3.0 -> 3.53.4.0
[INFO]   org.xmlunit:xmlunit-assertj ......................... 2.10.4 -> 2.13.0
[INFO]   org.xmlunit:xmlunit-assertj3 ........................ 2.10.4 -> 2.13.0
[INFO]   org.xmlunit:xmlunit-core ............................ 2.10.4 -> 2.13.0
[INFO]   org.xmlunit:xmlunit-jakarta-jaxb-impl ............... 2.10.4 -> 2.13.0
[INFO]   org.xmlunit:xmlunit-legacy .......................... 2.10.4 -> 2.13.0
[INFO]   org.xmlunit:xmlunit-matchers ........................ 2.10.4 -> 2.13.0
[INFO]   org.xmlunit:xmlunit-placeholders .................... 2.10.4 -> 2.13.0
[INFO]   org.yaml:snakeyaml ........................................ 2.6 -> 2.7
[INFO]   redis.clients:jedis ................................... 7.0.0 -> 8.0.1
[INFO]   tools.jackson.core:jackson-core ....................... 3.1.5 -> 3.2.2
[INFO]   tools.jackson.core:jackson-databind ................... 3.1.5 -> 3.2.2
[INFO]   tools.jackson.dataformat:jackson-dataformat-avro ...... 3.1.5 -> 3.2.2
[INFO]   tools.jackson.dataformat:jackson-dataformat-cbor ...... 3.1.5 -> 3.2.2
[INFO]   tools.jackson.dataformat:jackson-dataformat-csv ....... 3.1.5 -> 3.2.2
[INFO]   tools.jackson.dataformat:jackson-dataformat-ion ....... 3.1.5 -> 3.2.2
[INFO]   tools.jackson.dataformat:jackson-dataformat-properties ...
[INFO]                                                           3.1.5 -> 3.2.2
[INFO]   tools.jackson.dataformat:jackson-dataformat-protobuf ...
[INFO]                                                           3.1.5 -> 3.2.2
[INFO]   tools.jackson.dataformat:jackson-dataformat-smile ..... 3.1.5 -> 3.2.2
[INFO]   tools.jackson.dataformat:jackson-dataformat-toml ...... 3.1.5 -> 3.2.2
[INFO]   tools.jackson.dataformat:jackson-dataformat-xml ....... 3.1.5 -> 3.2.2
[INFO]   tools.jackson.dataformat:jackson-dataformat-yaml ...... 3.1.5 -> 3.2.2
[INFO]   tools.jackson.datatype:jackson-datatype-eclipse-collections ...
[INFO]                                                           3.1.5 -> 3.2.2
[INFO]   tools.jackson.datatype:jackson-datatype-guava ......... 3.1.5 -> 3.2.2
[INFO]   tools.jackson.datatype:jackson-datatype-hibernate4 .... 3.1.5 -> 3.2.2
[INFO]   tools.jackson.datatype:jackson-datatype-hibernate5 .... 3.1.5 -> 3.2.2
[INFO]   tools.jackson.datatype:jackson-datatype-hibernate5-jakarta ...
[INFO]                                                           3.1.5 -> 3.2.2
[INFO]   tools.jackson.datatype:jackson-datatype-hibernate6 .... 3.1.5 -> 3.2.2
[INFO]   tools.jackson.datatype:jackson-datatype-hibernate7 .... 3.1.5 -> 3.2.2
[INFO]   tools.jackson.datatype:jackson-datatype-hppc .......... 3.1.5 -> 3.2.2
[INFO]   tools.jackson.datatype:jackson-datatype-jakarta-jsonp ...
[INFO]                                                           3.1.5 -> 3.2.2
[INFO]   tools.jackson.datatype:jackson-datatype-javax-money ... 3.1.5 -> 3.2.2
[INFO]   tools.jackson.datatype:jackson-datatype-jaxrs ......... 3.1.5 -> 3.2.2
[INFO]   tools.jackson.datatype:jackson-datatype-joda .......... 3.1.5 -> 3.2.2
[INFO]   tools.jackson.datatype:jackson-datatype-joda-money .... 3.1.5 -> 3.2.2
[INFO]   tools.jackson.datatype:jackson-datatype-json-org ...... 3.1.5 -> 3.2.2
[INFO]   tools.jackson.datatype:jackson-datatype-jsr353 ........ 3.1.5 -> 3.2.2
[INFO]   tools.jackson.datatype:jackson-datatype-moneta ........ 3.1.5 -> 3.2.2
[INFO]   tools.jackson.datatype:jackson-datatype-pcollections ...
[INFO]                                                           3.1.5 -> 3.2.2
[INFO]   tools.jackson.jakarta.rs:jackson-jakarta-rs-base ...... 3.1.5 -> 3.2.2
[INFO]   tools.jackson.jakarta.rs:jackson-jakarta-rs-cbor-provider ...
[INFO]                                                           3.1.5 -> 3.2.2
[INFO]   tools.jackson.jakarta.rs:jackson-jakarta-rs-json-provider ...
[INFO]                                                           3.1.5 -> 3.2.2
[INFO]   tools.jackson.jakarta.rs:jackson-jakarta-rs-smile-provider ...
[INFO]                                                           3.1.5 -> 3.2.2
[INFO]   tools.jackson.jakarta.rs:jackson-jakarta-rs-xml-provider ...
[INFO]                                                           3.1.5 -> 3.2.2
[INFO]   tools.jackson.jakarta.rs:jackson-jakarta-rs-yaml-provider ...
[INFO]                                                           3.1.5 -> 3.2.2
[INFO]   tools.jackson.jaxrs:jackson-jaxrs-base ................ 3.1.5 -> 3.2.2
[INFO]   tools.jackson.jaxrs:jackson-jaxrs-cbor-provider ....... 3.1.5 -> 3.2.2
[INFO]   tools.jackson.jaxrs:jackson-jaxrs-json-provider ....... 3.1.5 -> 3.2.2
[INFO]   tools.jackson.jaxrs:jackson-jaxrs-smile-provider ...... 3.1.5 -> 3.2.2
[INFO]   tools.jackson.jaxrs:jackson-jaxrs-xml-provider ........ 3.1.5 -> 3.2.2
[INFO]   tools.jackson.jaxrs:jackson-jaxrs-yaml-provider ....... 3.1.5 -> 3.2.2
[INFO]   tools.jackson.jr:jackson-jr-all ....................... 3.1.5 -> 3.2.2
[INFO]   tools.jackson.jr:jackson-jr-annotation-support ........ 3.1.5 -> 3.2.2
[INFO]   tools.jackson.jr:jackson-jr-extension-javatime ........ 3.1.5 -> 3.2.2
[INFO]   tools.jackson.jr:jackson-jr-objects ................... 3.1.5 -> 3.2.2
[INFO]   tools.jackson.jr:jackson-jr-retrofit2 ................. 3.1.5 -> 3.2.2
[INFO]   tools.jackson.jr:jackson-jr-stree ..................... 3.1.5 -> 3.2.2
[INFO]   tools.jackson.module:jackson-module-afterburner ....... 3.1.5 -> 3.2.2
[INFO]   tools.jackson.module:jackson-module-android-record .... 3.1.5 -> 3.2.2
[INFO]   tools.jackson.module:jackson-module-blackbird ......... 3.1.5 -> 3.2.2
[INFO]   tools.jackson.module:jackson-module-guice ............. 3.1.5 -> 3.2.2
[INFO]   tools.jackson.module:jackson-module-guice7 ............ 3.1.5 -> 3.2.2
[INFO]   tools.jackson.module:jackson-module-jakarta-xmlbind-annotations ...
[INFO]                                                           3.1.5 -> 3.2.2
[INFO]   tools.jackson.module:jackson-module-jaxb-annotations ...
[INFO]                                                           3.1.5 -> 3.2.2
[INFO]   tools.jackson.module:jackson-module-jsonSchema ........ 3.1.5 -> 3.2.2
[INFO]   tools.jackson.module:jackson-module-jsonSchema-jakarta ...
[INFO]                                                           3.1.5 -> 3.2.2
[INFO]   tools.jackson.module:jackson-module-kotlin ............ 3.1.5 -> 3.2.2
[INFO]   tools.jackson.module:jackson-module-mrbean ............ 3.1.5 -> 3.2.2
[INFO]   tools.jackson.module:jackson-module-no-ctor-deser ..... 3.1.5 -> 3.2.2
[INFO]   tools.jackson.module:jackson-module-osgi .............. 3.1.5 -> 3.2.2
[INFO]   tools.jackson.module:jackson-module-scala_2.12 ........ 3.1.5 -> 3.2.2
[INFO]   tools.jackson.module:jackson-module-scala_2.13 ........ 3.1.5 -> 3.2.2
[INFO]   tools.jackson.module:jackson-module-scala_3 ........... 3.1.5 -> 3.2.2
[INFO] 
[INFO] 
[INFO] --- versions:2.21.0:display-plugin-updates (default) @ essentials-performance-lab ---
[INFO] 
[INFO] The following plugin updates are available:
[INFO]   org.springframework.boot:spring-boot-maven-plugin .. 4.0.8 -> 4.1.1
[INFO] 
[INFO] All plugins have a version specified.
[INFO] 
[INFO] Project requires minimum Maven version for build of: 3.8.8
[INFO] Plugins require minimum Maven version of: null
[INFO] 
[INFO] No plugins require a newer version of Maven than specified by the pom.
[INFO] 
[INFO] 
[INFO] --- resources:3.5.0:testResources (default-testResources) @ essentials-performance-lab ---
[INFO] skip non existing resourceDirectory /Users/lassecramon/git/trustworks/essentials-project/examples/essentials-performance-lab/src/test/resources
[INFO] Copying 1 resource from ../.. to target/test-classes/META-INF
[INFO] 
[INFO] --- compiler:3.15.0:testCompile (default-testCompile) @ essentials-performance-lab ---
[INFO] Nothing to compile - all classes are up to date.
[INFO] 
[INFO] --- surefire:3.5.6:test (default-test) @ essentials-performance-lab ---
[INFO] 
[INFO] --- jar:3.5.1:jar (default-jar) @ essentials-performance-lab ---
[INFO] 
[INFO] --- spring-boot:4.0.8:repackage (default) @ essentials-performance-lab ---
[INFO] Replacing main artifact /Users/lassecramon/git/trustworks/essentials-project/examples/essentials-performance-lab/target/essentials-performance-lab-DEV-SNAPSHOT.jar with repackaged archive, adding nested dependencies in BOOT-INF/.
[INFO] The original artifact has been renamed to /Users/lassecramon/git/trustworks/essentials-project/examples/essentials-performance-lab/target/essentials-performance-lab-DEV-SNAPSHOT.jar.original
[INFO] 
[INFO] --- jar:3.5.1:jar (dokka-jar) @ essentials-performance-lab ---
[INFO] Skipping packaging of the jar
[INFO] 
[INFO] --- failsafe:3.5.6:integration-test (default) @ essentials-performance-lab ---
[INFO] Using auto detected provider org.apache.maven.surefire.junitplatform.JUnitPlatformProvider
[INFO] 
[INFO] -------------------------------------------------------
[INFO]  T E S T S
[INFO] -------------------------------------------------------
10:42:28.429 [main] INFO org.testcontainers.DockerClientFactory -- Testcontainers version: 2.0.5
10:42:28.700 [main] INFO org.testcontainers.dockerclient.DockerClientProviderStrategy -- Found Docker environment with Environment variables, system properties and defaults. Resolved dockerHost=unix:///Users/lassecramon/.docker/run/docker.sock
10:42:28.701 [main] INFO org.testcontainers.DockerClientFactory -- Docker host IP address is localhost
10:42:28.713 [main] INFO org.testcontainers.DockerClientFactory -- Connected to docker: 
  Server Version: 29.7.2
  API Version: 1.55
  Operating System: Docker Desktop
  Total Memory: 15970 MB
  Labels: 
    com.docker.desktop.address=unix:///Users/lassecramon/Library/Containers/com.docker.docker/Data/docker-cli.sock
10:42:28.717 [main] INFO org.testcontainers.images.PullPolicy -- Image pull policy will be performed by: DefaultPullPolicy()
10:42:28.718 [main] INFO org.testcontainers.utility.ImageNameSubstitutor -- Image name substitution will be performed by: DefaultImageNameSubstitutor (composite of 'ConfigurationFileImageNameSubstitutor' and 'PrefixingImageNameSubstitutor')
10:42:28.816 [main] INFO tc.testcontainers/ryuk:0.14.0 -- Creating container for image: testcontainers/ryuk:0.14.0
10:42:28.892 [main] INFO org.testcontainers.utility.RegistryAuthLocator -- Credential helper/store (docker-credential-desktop) does not have credentials for https://index.docker.io/v1/
10:42:28.949 [main] INFO tc.testcontainers/ryuk:0.14.0 -- Container testcontainers/ryuk:0.14.0 is starting: 52628ba480167d81c924150bd50bf03d59f8826354d5f359896e9b0e2cb414ce
10:42:29.098 [main] INFO tc.testcontainers/ryuk:0.14.0 -- Container testcontainers/ryuk:0.14.0 started in PT0.28216S
10:42:29.102 [main] INFO org.testcontainers.utility.RyukResourceReaper -- Ryuk started - will monitor and terminate Testcontainers containers on JVM exit
10:42:29.102 [main] INFO org.testcontainers.DockerClientFactory -- Checking the system...
10:42:29.102 [main] INFO org.testcontainers.DockerClientFactory -- ✔︎ Docker server version should be at least 1.6.0
[INFO] Running dk.trustworks.essentials.examples.perflab.ShardOwnedSoakIT
10:42:29.108 [main] INFO dk.trustworks.essentials.examples.perflab.LabPostgres -- Lab PostgreSQL: cpuset='(unconstrained)' cpus=(unconstrained) memoryMb=(unconstrained) sharedBuffers='1GB' tmpfsData=false
10:42:29.110 [main] INFO tc.postgres:17.5-bookworm -- Creating container for image: postgres:17.5-bookworm
10:42:29.128 [main] INFO tc.postgres:17.5-bookworm -- Container postgres:17.5-bookworm is starting: cc79e0ae6e75c9cc6318466ffc0be662119ea93a38dc7ef81aa969c8f91cb989
10:42:29.807 [main] INFO tc.postgres:17.5-bookworm -- Container postgres:17.5-bookworm started in PT0.697144S
10:42:29.808 [main] INFO tc.postgres:17.5-bookworm -- Container is started (JDBC URL: jdbc:postgresql://localhost:52226/essentials_lab?loggerLevel=OFF)
10:42:29.826 [main] INFO com.zaxxer.hikari.HikariDataSource -- HikariPool-1 - Starting...
10:42:29.901 [main] INFO com.zaxxer.hikari.pool.HikariPool -- HikariPool-1 - Added connection org.postgresql.jdbc.PgConnection@544e8149
10:42:29.902 [main] INFO com.zaxxer.hikari.HikariDataSource -- HikariPool-1 - Start completed.
10:42:29.996 [main] INFO dk.trustworks.essentials.components.queue.postgresql.PostgresqlDurableQueues -- Adding interceptor: dk.trustworks.essentials.components.queue.postgresql.SingleOperationTransactionDurableQueuesInterceptor@5a13fcf3
10:42:30.038 [main] INFO dk.trustworks.essentials.components.queue.postgresql.PostgresqlDurableQueues -- Ensured Durable Queues table 'perflab_soak_baseline' exists
10:42:30.063 [main] INFO dk.trustworks.essentials.components.queue.postgresql.PostgresqlDurableQueues -- Starting PostgresqlDurableQueues
10:42:30.063 [main] INFO dk.trustworks.essentials.components.foundation.messaging.queue.CentralizedMessageFetcher -- Starting CentralizedMessageFetcher with polling interval 20 ms
10:42:30.064 [main] INFO dk.trustworks.essentials.components.queue.postgresql.PostgresqlDurableQueues -- Started PostgresqlDurableQueues
10:42:30.068 [main] INFO dk.trustworks.essentials.components.foundation.messaging.queue.CentralizedMessageFetcherDurableQueueConsumer -- [soak] 'cc75d338-7148-4b27-affc-0e9417444b15' - Created CentralizedMessageFetcherDurableQueueConsumer with 20 workers
10:42:30.068 [main] INFO dk.trustworks.essentials.components.foundation.messaging.queue.CentralizedMessageFetcherDurableQueueConsumer -- [soak] 'cc75d338-7148-4b27-affc-0e9417444b15' - Starting with 20 workers
10:42:30.068 [main] INFO dk.trustworks.essentials.components.queue.postgresql.PostgresqlDurableQueues -- [soak] cc75d338-7148-4b27-affc-0e9417444b15 - Started CentralizedMessageFetcherDurableQueueConsumer
10:52:30.082 [main] INFO dk.trustworks.essentials.components.foundation.messaging.queue.CentralizedMessageFetcherDurableQueueConsumer -- [soak] 'cc75d338-7148-4b27-affc-0e9417444b15' - Stopping
10:52:30.084 [main] INFO dk.trustworks.essentials.components.foundation.messaging.queue.CentralizedMessageFetcherDurableQueueConsumer -- [soak] 'cc75d338-7148-4b27-affc-0e9417444b15' - Stopped
10:52:30.085 [main] INFO dk.trustworks.essentials.components.queue.postgresql.PostgresqlDurableQueues -- Stopping
10:52:30.085 [main] INFO dk.trustworks.essentials.components.foundation.messaging.queue.CentralizedMessageFetcher -- Stopping CentralizedMessageFetcher
10:52:30.085 [main] INFO dk.trustworks.essentials.components.queue.postgresql.PostgresqlDurableQueues -- Stopped
10:52:30.118 [main] INFO dk.trustworks.essentials.components.queue.shardowned.ShardOwnedQueue -- Instance soak owns shards [0, 1, 2, 3, 4, 5, 6, 7]
11:02:30.129 [main] INFO dk.trustworks.essentials.examples.perflab.ShardOwnedSoakIT -- 
11:02:30.130 [main] INFO dk.trustworks.essentials.examples.perflab.ShardOwnedSoakIT -- ===== SOAK: baseline (current implementation) =====
11:02:30.130 [main] INFO dk.trustworks.essentials.examples.perflab.ShardOwnedSoakIT -- window   handled     p50 us     p99 us     table KB     index KB   deadTuples  autovacuum
11:02:30.130 [main] INFO dk.trustworks.essentials.examples.perflab.ShardOwnedSoakIT --      0     17999      14407      31151        15272         2752        35399           0
11:02:30.130 [main] INFO dk.trustworks.essentials.examples.perflab.ShardOwnedSoakIT --      1     18002      12831      29119        30416         5024          276           1
11:02:30.131 [main] INFO dk.trustworks.essentials.examples.perflab.ShardOwnedSoakIT --      2     17997      12919      28031        15160         6496        11680           2
11:02:30.131 [main] INFO dk.trustworks.essentials.examples.perflab.ShardOwnedSoakIT --      3     18000      12687      27935        23856         6496        47925           2
11:02:30.131 [main] INFO dk.trustworks.essentials.examples.perflab.ShardOwnedSoakIT --      4     18003      12711      27743        33016         6784        12305           3
11:02:30.131 [main] INFO dk.trustworks.essentials.examples.perflab.ShardOwnedSoakIT --      5     17998      12671      27871        34048         7816        47907           3
11:02:30.131 [main] INFO dk.trustworks.essentials.examples.perflab.ShardOwnedSoakIT --      6     18002      12783      28159        36072         9416        12203           4
11:02:30.131 [main] INFO dk.trustworks.essentials.examples.perflab.ShardOwnedSoakIT --      7     17996      13335      29183        37056        10400        48521           4
11:02:30.131 [main] INFO dk.trustworks.essentials.examples.perflab.ShardOwnedSoakIT --      8     17991      13711      28639        38768        12112        12015           5
11:02:30.131 [main] INFO dk.trustworks.essentials.examples.perflab.ShardOwnedSoakIT --      9     18010      12535      28015        38768        12112        47608           5
11:02:30.131 [main] INFO dk.trustworks.essentials.examples.perflab.ShardOwnedSoakIT --     10     17999      12487      27919        35896        12352        12228           6
11:02:30.131 [main] INFO dk.trustworks.essentials.examples.perflab.ShardOwnedSoakIT --     11     18001      12583      28495        35896        12352        48431           6
11:02:30.131 [main] INFO dk.trustworks.essentials.examples.perflab.ShardOwnedSoakIT --     12     18003      12471      28207        36208        12352        12277           7
11:02:30.131 [main] INFO dk.trustworks.essentials.examples.perflab.ShardOwnedSoakIT --     13     17999      12543      28223        36208        12352        47815           7
11:02:30.131 [main] INFO dk.trustworks.essentials.examples.perflab.ShardOwnedSoakIT --     14     18000      12503      28143        36832        12352        12243           8
11:02:30.132 [main] INFO dk.trustworks.essentials.examples.perflab.ShardOwnedSoakIT --     15     17986      13351      28319        36832        12352        48476           8
11:02:30.132 [main] INFO dk.trustworks.essentials.examples.perflab.ShardOwnedSoakIT --     16     18014      13999      28511        36952        12472        11511           9
11:02:30.132 [main] INFO dk.trustworks.essentials.examples.perflab.ShardOwnedSoakIT --     17     18000      14271      29903        36952        12472        47779           9
11:02:30.132 [main] INFO dk.trustworks.essentials.examples.perflab.ShardOwnedSoakIT --     18     17999      14863      29135        38216        12512        12370          10
11:02:30.132 [main] INFO dk.trustworks.essentials.examples.perflab.ShardOwnedSoakIT --     19     18000      13375      27935        38216        12512        48030          10
11:02:30.133 [main] INFO dk.trustworks.essentials.examples.perflab.ShardOwnedSoakIT -- drift: p50 14407 -> 13375 us (-7%), p99 31151 -> 27935 us (-10%), table 15272 -> 38216 KB, index 2752 -> 12512 KB
11:02:30.133 [main] INFO dk.trustworks.essentials.examples.perflab.ShardOwnedSoakIT -- =========================================
11:02:30.133 [main] INFO dk.trustworks.essentials.examples.perflab.ShardOwnedSoakIT -- 
11:02:30.133 [main] INFO dk.trustworks.essentials.examples.perflab.ShardOwnedSoakIT -- ===== SOAK: shard-owned =====
11:02:30.133 [main] INFO dk.trustworks.essentials.examples.perflab.ShardOwnedSoakIT -- window   handled     p50 us     p99 us     table KB     index KB   deadTuples  autovacuum
11:02:30.133 [main] INFO dk.trustworks.essentials.examples.perflab.ShardOwnedSoakIT --      0     18001        995       1278         4912          464         5718           1
11:02:30.133 [main] INFO dk.trustworks.essentials.examples.perflab.ShardOwnedSoakIT --      1     18000       1006       1272         9712          984        23728           1
11:02:30.133 [main] INFO dk.trustworks.essentials.examples.perflab.ShardOwnedSoakIT --      2     18000       1006       1252        14432         1352         6051           2
11:02:30.133 [main] INFO dk.trustworks.essentials.examples.perflab.ShardOwnedSoakIT --      3     18000       1001       1297        14432         1352        24062           2
11:02:30.133 [main] INFO dk.trustworks.essentials.examples.perflab.ShardOwnedSoakIT --      4     18000       1002       1248        14496         1352         6051           3
11:02:30.133 [main] INFO dk.trustworks.essentials.examples.perflab.ShardOwnedSoakIT --      5     18000       1005       1293        14496         1352        24062           3
11:02:30.133 [main] INFO dk.trustworks.essentials.examples.perflab.ShardOwnedSoakIT --      6     18000       1004       1242        14496         1352         6054           4
11:02:30.133 [main] INFO dk.trustworks.essentials.examples.perflab.ShardOwnedSoakIT --      7     18000       1004       1260        14496         1352        24063           4
11:02:30.133 [main] INFO dk.trustworks.essentials.examples.perflab.ShardOwnedSoakIT --      8     18000        999       1236        14496         1352         6054           5
11:02:30.134 [main] INFO dk.trustworks.essentials.examples.perflab.ShardOwnedSoakIT --      9     18000        999       1271        14496         1352        24065           5
11:02:30.134 [main] INFO dk.trustworks.essentials.examples.perflab.ShardOwnedSoakIT --     10     18000        999       1235        14496         1352         6047           6
11:02:30.134 [main] INFO dk.trustworks.essentials.examples.perflab.ShardOwnedSoakIT --     11     18000       1000       1245        14496         1352        24059           6
11:02:30.134 [main] INFO dk.trustworks.essentials.examples.perflab.ShardOwnedSoakIT --     12     18000        997       1307        14512         1352         6104           7
11:02:30.134 [main] INFO dk.trustworks.essentials.examples.perflab.ShardOwnedSoakIT --     13     18000        872      11815        14512         1352        24117           7
11:02:30.134 [main] INFO dk.trustworks.essentials.examples.perflab.ShardOwnedSoakIT --     14     18000        869       1478        14512         1352         6105           8
11:02:30.134 [main] INFO dk.trustworks.essentials.examples.perflab.ShardOwnedSoakIT --     15     18000        869       1415        14512         1352        24114           8
11:02:30.134 [main] INFO dk.trustworks.essentials.examples.perflab.ShardOwnedSoakIT --     16     18000        867       1353        14512         1352         6054           9
11:02:30.134 [main] INFO dk.trustworks.essentials.examples.perflab.ShardOwnedSoakIT --     17     18000        865       1509        14512         1352        24064           9
11:02:30.134 [main] INFO dk.trustworks.essentials.examples.perflab.ShardOwnedSoakIT --     18     18000        866       1510        14512         1352         6049          10
11:02:30.134 [main] INFO dk.trustworks.essentials.examples.perflab.ShardOwnedSoakIT --     19     18000        860       1355        14512         1352        24059          10
11:02:30.134 [main] INFO dk.trustworks.essentials.examples.perflab.ShardOwnedSoakIT -- drift: p50 995 -> 860 us (-14%), p99 1278 -> 1355 us (+6%), table 4912 -> 14512 KB, index 464 -> 1352 KB
11:02:30.134 [main] INFO dk.trustworks.essentials.examples.perflab.ShardOwnedSoakIT -- =========================================
11:02:30.243 [main] INFO dk.trustworks.essentials.examples.perflab.harness.RunResult -- Wrote run results to /Users/lassecramon/git/trustworks/essentials-project/examples/essentials-performance-lab/target/perf-lab-baseline/soak.json
11:02:30.264 [main] INFO com.zaxxer.hikari.HikariDataSource -- HikariPool-1 - Shutdown initiated...
11:02:30.267 [main] INFO com.zaxxer.hikari.HikariDataSource -- HikariPool-1 - Shutdown completed.
[INFO] Tests run: 1, Failures: 0, Errors: 0, Skipped: 0, Time elapsed: 1201 s -- in dk.trustworks.essentials.examples.perflab.ShardOwnedSoakIT
[INFO] 
[INFO] Results:
[INFO] 
[INFO] Tests run: 1, Failures: 0, Errors: 0, Skipped: 0
[INFO] 
[INFO] 
[INFO] --- failsafe:3.5.6:verify (default) @ essentials-performance-lab ---
[INFO] 
[INFO] --- dependency-check:12.2.2:check (default) @ essentials-performance-lab ---
[INFO] Skipping dependency-check
[INFO] ------------------------------------------------------------------------
[INFO] BUILD SUCCESS
[INFO] ------------------------------------------------------------------------
[INFO] Total time:  20:05 min
[INFO] Finished at: 2026-09-14T11:02:30+02:00
[INFO] ------------------------------------------------------------------------
